iteration,description,j_index,timestamp,features
1,baseline current model,0.816882,2026-04-24T14:44:39Z,NA
2,add age-adjusted metrics and adjacent-level progression features,0.806921,2026-04-24T14:45:54Z,NA
3,focus on AA-AAA age-adjusted and upper-minors progression features with downsampling,0.815558,2026-04-24T14:50:27Z,NA
4,use only upper-minors weighted summaries and AA-to-AAA deltas,0.817368,2026-04-24T14:51:04Z,NA
5,keep engineered progression features and replace downsampling with SMOTE,0.80835,2026-04-24T14:54:53Z,NA
6,expand upper-minors summaries with iso woba walk strike and whiff features,0.816793,2026-04-24T15:07:55Z,NA
7,add High-A to AA transition deltas plus three-level weighted wRC,0.81578,2026-04-24T15:08:34Z,NA
8,add targeted interactions between upper-minors quality and AA-AAA age/progression deltas,0.817344,2026-04-24T15:09:08Z,NA
9,add weighted upper-minors age and production-per-age summaries,0.819217,2026-04-24T15:09:40Z,NA
10,add upper-minors discipline and power per-age summaries,0.819193,2026-04-24T15:10:18Z,NA
11,add age-adjusted AA-to-AAA progression deltas while keeping weighted upper-minors age,0.819241,2026-04-24T15:10:56Z,NA
12,add weighted upper-minors wOBA and wOBA-per-age summaries,0.819217,2026-04-24T15:11:30Z,NA
13,add upper-minors exposure and High-A to AA age-adjusted progression,0.818882,2026-04-24T15:12:05Z,NA
14,add upper-minors swing-miss and babip per-age summaries,0.820445,2026-04-24T15:18:47Z,NA
15,add upper-minors iso and iso-per-age on top of swing-miss and babip per-age,0.820445,2026-04-24T15:19:25Z,NA
16,replace iso-per-age with upper-minors walk and strikeout rates per age,0.820469,2026-04-24T15:19:59Z,NA
17,add weighted upper-minors speed and speed-per-age,0.820517,2026-04-24T15:20:33Z,NA
18,replace speed with upper-minors batted-ball shape per age,0.820541,2026-04-24T15:21:10Z,NA
19,replace batted-ball shape with upper-minors spray-direction per age,0.820207,2026-04-24T15:21:49Z,NA
20,replace spray-direction with upper-minors iso and hr-fb per age,0.821816,2026-04-24T15:22:25Z,NA
21,add upper-minors fly-ball rate and fly-ball rate per age,0.82313,2026-04-24T15:23:15Z,NA
22,add upper-minors gb-fb ratio and gb-fb-per-age to the power-shape branch,0.823106,2026-04-24T15:23:54Z,NA
23,add weighted upper-minors slugging and slugging-per-age,0.816756,2026-04-24T15:38:03Z,NA
24,replace slugging with weighted upper-minors obp and obp-per-age,0.82313,2026-04-24T15:38:38Z,NA
25,replace obp with weighted upper-minors woba and woba-per-age,0.82313,2026-04-24T15:39:19Z,NA
26,replace woba with an explicit upper-minors iso-times-flyball power-shape feature,0.823609,2026-04-24T15:40:04Z,NA
27,add AA-to-AAA hr-fb and fly-ball deltas on top of the new power-shape feature,0.824114,2026-04-24T15:40:41Z,NA
28,add AA-to-AAA iso-times-flyball power-shape delta,0.824161,2026-04-24T15:41:16Z,NA
29,add upper-minors hr-fb-times-flyball power-shape features and AA-AAA delta,0.822574,2026-04-24T15:47:10Z,NA
30,replace hr-fb-shape with upper-minors iso-to-swing-miss efficiency features,0.823125,2026-04-24T15:47:54Z,NA
31,replace iso-swing-miss efficiency with upper-minors bb-minus-k control features,0.824185,2026-04-24T15:48:37Z,NA
32,add discipline-times-power-shape interaction features,0.82267,2026-04-24T15:49:22Z,NA
33,replace bb-minus-k with upper-minors wrc-minus-k production control features,0.824185,2026-04-24T16:01:39Z,NA
34,replace production-control with bb-k times power-shape features,0.822646,2026-04-24T16:02:15Z,NA
35,replace bb-k-power interaction with iso-times-hr-fb intensity features,0.824185,2026-04-24T16:02:53Z,NA
36,add iso-to-flyball ratio features on top of the power-shape branch,0.823851,2026-04-24T16:04:54Z,NA
37,replace iso-fb ratio with exposure-weighted power-shape features,0.8225,2026-04-24T16:05:29Z,NA
38,replace exposure weighting with hr-fb-minus-swing-miss features,0.817307,2026-04-24T16:06:07Z,NA
39,Baseline model with step_smote(),0.818598,2026-04-25T13:55:15Z,NA
40,Added log transformations for hr/fb rate and iso,0.814071,2026-04-25T14:12:56Z,NA
41,Re-tune penalty with features from iteration 31 and step_smote(),0.827846,2026-04-25T14:45:52Z,NA
42,Manual experiment 1: re-run baseline model,0.816859,2026-04-29T12:31:57Z,NA
43,Manual experiment 2: re-run best feature set with downsample,0.824185,2026-04-29T12:33:49Z,NA
44,Manual experiment 3: best feature set with smote,0.805974,2026-04-29T12:44:03Z,NA
45,Manual experiment 4: best feature set with log transformations to iso hr and fb_percent and downsample,0.824376,2026-04-29T12:50:44Z,NA
46,Manual experiment 5: best feature set with low a to high a deltas and downsample,0.822256,2026-04-29T12:56:39Z,NA
47,Manual experiment 6: best feature set with re-tuned penalty and downsample,0.824209,2026-04-29T12:59:42Z,NA
48,second loop baseline,0.82002,2026-05-10T00:00:00Z,g_aaa; ab_aaa; pa_aaa; h_aaa; x1b_aaa; x2b_aaa; x3b_aaa; hr_aaa; r_aaa; rbi_aaa; bb_aaa; ibb_aaa; so_aaa; hbp_aaa; sf_aaa; sh_aaa; gdp_aaa; sb_aaa; cs_aaa; avg_aaa; bb_percent_aaa; k_percent_aaa; bb_k_aaa; obp_aaa; slg_aaa; ops_aaa; iso_aaa; spd_aaa; babip_aaa; w_rc_aaa; w_raa_aaa; w_oba_aaa; w_rc_2_aaa; w_bs_r_aaa; gb_percent_aaa; ld_percent_aaa; fb_percent_aaa; iffb_percent_aaa; hr_fb_aaa; gb_fb_aaa; oppo_percent_aaa; pull_percent_aaa; cent_percent_aaa; balls_aaa; strikes_aaa; pitches_aaa; sw_str_percent_aaa; min_age_aaa; g_aa; ab_aa; pa_aa; h_aa; x1b_aa; x2b_aa; x3b_aa; hr_aa; r_aa; rbi_aa; bb_aa; ibb_aa; so_aa; hbp_aa; sf_aa; sh_aa; gdp_aa; sb_aa; cs_aa; avg_aa; bb_percent_aa; k_percent_aa; bb_k_aa; obp_aa; slg_aa; ops_aa; iso_aa; spd_aa; babip_aa; w_rc_aa; w_raa_aa; w_oba_aa; w_rc_2_aa; w_bs_r_aa; gb_percent_aa; ld_percent_aa; fb_percent_aa; iffb_percent_aa; hr_fb_aa; gb_fb_aa; oppo_percent_aa; pull_percent_aa; cent_percent_aa; balls_aa; strikes_aa; pitches_aa; sw_str_percent_aa; min_age_aa; g_ha; ab_ha; pa_ha; h_ha; x1b_ha; x2b_ha; x3b_ha; hr_ha; r_ha; rbi_ha; bb_ha; ibb_ha; so_ha; hbp_ha; sf_ha; sh_ha; gdp_ha; sb_ha; cs_ha; avg_ha; bb_percent_ha; k_percent_ha; bb_k_ha; obp_ha; slg_ha; ops_ha; iso_ha; spd_ha; babip_ha; w_rc_ha; w_raa_ha; w_oba_ha; w_rc_2_ha; w_bs_r_ha; gb_percent_ha; ld_percent_ha; fb_percent_ha; iffb_percent_ha; hr_fb_ha; gb_fb_ha; oppo_percent_ha; pull_percent_ha; cent_percent_ha; balls_ha; strikes_ha; pitches_ha; sw_str_percent_ha; min_age_ha; g_la; ab_la; pa_la; h_la; x1b_la; x2b_la; x3b_la; hr_la; r_la; rbi_la; bb_la; ibb_la; so_la; hbp_la; sf_la; sh_la; gdp_la; sb_la; cs_la; avg_la; bb_percent_la; k_percent_la; bb_k_la; obp_la; slg_la; ops_la; iso_la; spd_la; babip_la; w_rc_la; w_raa_la; w_oba_la; w_rc_2_la; w_bs_r_la; gb_percent_la; ld_percent_la; fb_percent_la; iffb_percent_la; hr_fb_la; gb_fb_la; oppo_percent_la; pull_percent_la; cent_percent_la; balls_la; strikes_la; pitches_la; sw_str_percent_la; min_age_la; g_r; ab_r; pa_r; h_r; x1b_r; x2b_r; x3b_r; hr_r; r_r; rbi_r; bb_r; ibb_r; so_r; hbp_r; sf_r; sh_r; gdp_r; sb_r; cs_r; avg_r; bb_percent_r; k_percent_r; bb_k_r; obp_r; slg_r; ops_r; iso_r; spd_r; babip_r; w_rc_r; w_raa_r; w_oba_r; w_rc_2_r; w_bs_r_r; gb_percent_r; ld_percent_r; fb_percent_r; iffb_percent_r; hr_fb_r; gb_fb_r; oppo_percent_r; pull_percent_r; cent_percent_r; balls_r; strikes_r; pitches_r; sw_str_percent_r; min_age_r; inn_2b_aaa; inn_2b_ha; inn_2b_aa; inn_2b_r; inn_2b_la; inn_rf_aaa; inn_rf_ha; inn_rf_aa; inn_rf_r; inn_rf_la; inn_3b_aaa; inn_3b_ha; inn_3b_aa; inn_3b_r; inn_3b_la; inn_1b_aaa; inn_1b_ha; inn_1b_aa; inn_1b_r; inn_1b_la; inn_lf_aaa; inn_lf_ha; inn_lf_aa; inn_lf_r; inn_lf_la; inn_cf_aaa; inn_cf_ha; inn_cf_aa; inn_cf_r; inn_cf_la; inn_ss_aaa; inn_ss_ha; inn_ss_aa; inn_ss_r; inn_ss_la; inn_c_aaa; inn_c_ha; inn_c_aa; inn_c_r; inn_c_la; putouts_2b_aaa; putouts_2b_ha; putouts_2b_aa; putouts_2b_r; putouts_2b_la; putouts_rf_aaa; putouts_rf_ha; putouts_rf_aa; putouts_rf_r; putouts_rf_la; putouts_3b_aaa; putouts_3b_ha; putouts_3b_aa; putouts_3b_r; putouts_3b_la; putouts_1b_aaa; putouts_1b_ha; putouts_1b_aa; putouts_1b_r; putouts_1b_la; putouts_lf_aaa; putouts_lf_ha; putouts_lf_aa; putouts_lf_r; putouts_lf_la; putouts_cf_aaa; putouts_cf_ha; putouts_cf_aa; putouts_cf_r; putouts_cf_la; putouts_ss_aaa; putouts_ss_ha; putouts_ss_aa; putouts_ss_r; putouts_ss_la; putouts_c_aaa; putouts_c_ha; putouts_c_aa; putouts_c_r; putouts_c_la; assists_2b_aaa; assists_2b_ha; assists_2b_aa; assists_2b_r; assists_2b_la; assists_rf_aaa; assists_rf_ha; assists_rf_aa; assists_rf_r; assists_rf_la; assists_3b_aaa; assists_3b_ha; assists_3b_aa; assists_3b_r; assists_3b_la; assists_1b_aaa; assists_1b_ha; assists_1b_aa; assists_1b_r; assists_1b_la; assists_lf_aaa; assists_lf_ha; assists_lf_aa; assists_lf_r; assists_lf_la; assists_cf_aaa; assists_cf_ha; assists_cf_aa; assists_cf_r; assists_cf_la; assists_ss_aaa; assists_ss_ha; assists_ss_aa; assists_ss_r; assists_ss_la; assists_c_aaa; assists_c_ha; assists_c_aa; assists_c_r; assists_c_la; success; upper_minors_wrc; upper_minors_ops; upper_minors_bb_k; upper_minors_bb; upper_minors_k; upper_minors_swstr; upper_minors_babip; upper_minors_iso; upper_minors_hr_fb; upper_minors_fb; upper_minors_power_shape; upper_minors_bb_minus_k; upper_minors_age; upper_minors_wrc_per_age; upper_minors_ops_per_age; upper_minors_bb_per_age; upper_minors_k_per_age; upper_minors_swstr_per_age; upper_minors_babip_per_age; upper_minors_iso_per_age; upper_minors_hr_fb_per_age; upper_minors_fb_per_age; upper_minors_power_shape_per_age; upper_minors_bb_minus_k_per_age; aa_aaa_hr_fb_delta; aa_aaa_fb_delta; aa_aaa_power_shape_delta; aa_aaa_bb_minus_k_delta; aa_aaa_wrc_per_age_delta; aa_aaa_ops_per_age_delta; aa_aaa_wrc_delta; aa_aaa_iso_delta; aa_aaa_bb_delta; aa_aaa_k_delta; aa_aaa_age_delta; aa_aaa_pa_delta; aa_aaa_ops_delta; na_ind_g_aaa; na_ind_ab_aaa; na_ind_pa_aaa; na_ind_h_aaa; na_ind_x1b_aaa; na_ind_x2b_aaa; na_ind_x3b_aaa; na_ind_hr_aaa; na_ind_r_aaa; na_ind_rbi_aaa; na_ind_bb_aaa; na_ind_ibb_aaa; na_ind_so_aaa; na_ind_hbp_aaa; na_ind_sf_aaa; na_ind_sh_aaa; na_ind_gdp_aaa; na_ind_sb_aaa; na_ind_cs_aaa; na_ind_avg_aaa; na_ind_bb_percent_aaa; na_ind_k_percent_aaa; na_ind_bb_k_aaa; na_ind_obp_aaa; na_ind_slg_aaa; na_ind_ops_aaa; na_ind_iso_aaa; na_ind_spd_aaa; na_ind_babip_aaa; na_ind_w_rc_aaa; na_ind_w_raa_aaa; na_ind_w_oba_aaa; na_ind_w_rc_2_aaa; na_ind_w_bs_r_aaa; na_ind_gb_percent_aaa; na_ind_ld_percent_aaa; na_ind_fb_percent_aaa; na_ind_iffb_percent_aaa; na_ind_hr_fb_aaa; na_ind_gb_fb_aaa; na_ind_oppo_percent_aaa; na_ind_pull_percent_aaa; na_ind_cent_percent_aaa; na_ind_balls_aaa; na_ind_strikes_aaa; na_ind_pitches_aaa; na_ind_sw_str_percent_aaa; na_ind_min_age_aaa; na_ind_g_aa; na_ind_ab_aa; na_ind_pa_aa; na_ind_h_aa; na_ind_x1b_aa; na_ind_x2b_aa; na_ind_x3b_aa; na_ind_hr_aa; na_ind_r_aa; na_ind_rbi_aa; na_ind_bb_aa; na_ind_ibb_aa; na_ind_so_aa; na_ind_hbp_aa; na_ind_sf_aa; na_ind_sh_aa; na_ind_gdp_aa; na_ind_sb_aa; na_ind_cs_aa; na_ind_avg_aa; na_ind_bb_percent_aa; na_ind_k_percent_aa; na_ind_bb_k_aa; na_ind_obp_aa; na_ind_slg_aa; na_ind_ops_aa; na_ind_iso_aa; na_ind_spd_aa; na_ind_babip_aa; na_ind_w_rc_aa; na_ind_w_raa_aa; na_ind_w_oba_aa; na_ind_w_rc_2_aa; na_ind_w_bs_r_aa; na_ind_gb_percent_aa; na_ind_ld_percent_aa; na_ind_fb_percent_aa; na_ind_iffb_percent_aa; na_ind_hr_fb_aa; na_ind_gb_fb_aa; na_ind_oppo_percent_aa; na_ind_pull_percent_aa; na_ind_cent_percent_aa; na_ind_balls_aa; na_ind_strikes_aa; na_ind_pitches_aa; na_ind_sw_str_percent_aa; na_ind_min_age_aa; na_ind_g_ha; na_ind_ab_ha; na_ind_pa_ha; na_ind_h_ha; na_ind_x1b_ha; na_ind_x2b_ha; na_ind_x3b_ha; na_ind_hr_ha; na_ind_r_ha; na_ind_rbi_ha; na_ind_bb_ha; na_ind_ibb_ha; na_ind_so_ha; na_ind_hbp_ha; na_ind_sf_ha; na_ind_sh_ha; na_ind_gdp_ha; na_ind_sb_ha; na_ind_cs_ha; na_ind_avg_ha; na_ind_bb_percent_ha; na_ind_k_percent_ha; na_ind_bb_k_ha; na_ind_obp_ha; na_ind_slg_ha; na_ind_ops_ha; na_ind_iso_ha; na_ind_spd_ha; na_ind_babip_ha; na_ind_w_rc_ha; na_ind_w_raa_ha; na_ind_w_oba_ha; na_ind_w_rc_2_ha; na_ind_w_bs_r_ha; na_ind_gb_percent_ha; na_ind_ld_percent_ha; na_ind_fb_percent_ha; na_ind_iffb_percent_ha; na_ind_hr_fb_ha; na_ind_gb_fb_ha; na_ind_oppo_percent_ha; na_ind_pull_percent_ha; na_ind_cent_percent_ha; na_ind_balls_ha; na_ind_strikes_ha; na_ind_pitches_ha; na_ind_sw_str_percent_ha; na_ind_min_age_ha; na_ind_g_la; na_ind_ab_la; na_ind_pa_la; na_ind_h_la; na_ind_x1b_la; na_ind_x2b_la; na_ind_x3b_la; na_ind_hr_la; na_ind_r_la; na_ind_rbi_la; na_ind_bb_la; na_ind_ibb_la; na_ind_so_la; na_ind_hbp_la; na_ind_sf_la; na_ind_sh_la; na_ind_gdp_la; na_ind_sb_la; na_ind_cs_la; na_ind_avg_la; na_ind_bb_percent_la; na_ind_k_percent_la; na_ind_bb_k_la; na_ind_obp_la; na_ind_slg_la; na_ind_ops_la; na_ind_iso_la; na_ind_spd_la; na_ind_babip_la; na_ind_w_rc_la; na_ind_w_raa_la; na_ind_w_oba_la; na_ind_w_rc_2_la; na_ind_w_bs_r_la; na_ind_gb_percent_la; na_ind_ld_percent_la; na_ind_fb_percent_la; na_ind_iffb_percent_la; na_ind_hr_fb_la; na_ind_gb_fb_la; na_ind_oppo_percent_la; na_ind_pull_percent_la; na_ind_cent_percent_la; na_ind_balls_la; na_ind_strikes_la; na_ind_pitches_la; na_ind_sw_str_percent_la; na_ind_min_age_la; na_ind_g_r; na_ind_ab_r; na_ind_pa_r; na_ind_h_r; na_ind_x1b_r; na_ind_x2b_r; na_ind_x3b_r; na_ind_hr_r; na_ind_r_r; na_ind_rbi_r; na_ind_bb_r; na_ind_ibb_r; na_ind_so_r; na_ind_hbp_r; na_ind_sf_r; na_ind_sh_r; na_ind_gdp_r; na_ind_sb_r; na_ind_cs_r; na_ind_avg_r; na_ind_bb_percent_r; na_ind_k_percent_r; na_ind_bb_k_r; na_ind_obp_r; na_ind_slg_r; na_ind_ops_r; na_ind_iso_r; na_ind_spd_r; na_ind_babip_r; na_ind_w_rc_r; na_ind_w_raa_r; na_ind_w_oba_r; na_ind_w_rc_2_r; na_ind_w_bs_r_r; na_ind_gb_percent_r; na_ind_ld_percent_r; na_ind_fb_percent_r; na_ind_iffb_percent_r; na_ind_hr_fb_r; na_ind_gb_fb_r; na_ind_oppo_percent_r; na_ind_pull_percent_r; na_ind_cent_percent_r; na_ind_balls_r; na_ind_strikes_r; na_ind_pitches_r; na_ind_sw_str_percent_r; na_ind_min_age_r; na_ind_inn_2b_aaa; na_ind_inn_2b_ha; na_ind_inn_2b_aa; na_ind_inn_2b_r; na_ind_inn_2b_la; na_ind_inn_rf_aaa; na_ind_inn_rf_ha; na_ind_inn_rf_aa; na_ind_inn_rf_r; na_ind_inn_rf_la; na_ind_inn_3b_aaa; na_ind_inn_3b_ha; na_ind_inn_3b_aa; na_ind_inn_3b_r; na_ind_inn_3b_la; na_ind_inn_1b_aaa; na_ind_inn_1b_ha; na_ind_inn_1b_aa; na_ind_inn_1b_r; na_ind_inn_1b_la; na_ind_inn_lf_aaa; na_ind_inn_lf_ha; na_ind_inn_lf_aa; na_ind_inn_lf_r; na_ind_inn_lf_la; na_ind_inn_cf_aaa; na_ind_inn_cf_ha; na_ind_inn_cf_aa; na_ind_inn_cf_r; na_ind_inn_cf_la; na_ind_inn_ss_aaa; na_ind_inn_ss_ha; na_ind_inn_ss_aa; na_ind_inn_ss_r; na_ind_inn_ss_la; na_ind_inn_c_aaa; na_ind_inn_c_ha; na_ind_inn_c_aa; na_ind_inn_c_r; na_ind_inn_c_la; na_ind_putouts_2b_aaa; na_ind_putouts_2b_ha; na_ind_putouts_2b_aa; na_ind_putouts_2b_r; na_ind_putouts_2b_la; na_ind_putouts_rf_aaa; na_ind_putouts_rf_ha; na_ind_putouts_rf_aa; na_ind_putouts_rf_r; na_ind_putouts_rf_la; na_ind_putouts_3b_aaa; na_ind_putouts_3b_ha; na_ind_putouts_3b_aa; na_ind_putouts_3b_r; na_ind_putouts_3b_la; na_ind_putouts_1b_aaa; na_ind_putouts_1b_ha; na_ind_putouts_1b_aa; na_ind_putouts_1b_r; na_ind_putouts_1b_la; na_ind_putouts_lf_aaa; na_ind_putouts_lf_ha; na_ind_putouts_lf_aa; na_ind_putouts_lf_r; na_ind_putouts_lf_la; na_ind_putouts_cf_aaa; na_ind_putouts_cf_ha; na_ind_putouts_cf_aa; na_ind_putouts_cf_r; na_ind_putouts_cf_la; na_ind_putouts_ss_aaa; na_ind_putouts_ss_ha; na_ind_putouts_ss_aa; na_ind_putouts_ss_r; na_ind_putouts_ss_la; na_ind_putouts_c_aaa; na_ind_putouts_c_ha; na_ind_putouts_c_aa; na_ind_putouts_c_r; na_ind_putouts_c_la; na_ind_assists_2b_aaa; na_ind_assists_2b_ha; na_ind_assists_2b_aa; na_ind_assists_2b_r; na_ind_assists_2b_la; na_ind_assists_rf_aaa; na_ind_assists_rf_ha; na_ind_assists_rf_aa; na_ind_assists_rf_r; na_ind_assists_rf_la; na_ind_assists_3b_aaa; na_ind_assists_3b_ha; na_ind_assists_3b_aa; na_ind_assists_3b_r; na_ind_assists_3b_la; na_ind_assists_1b_aaa; na_ind_assists_1b_ha; na_ind_assists_1b_aa; na_ind_assists_1b_r; na_ind_assists_1b_la; na_ind_assists_lf_aaa; na_ind_assists_lf_ha; na_ind_assists_lf_aa; na_ind_assists_lf_r; na_ind_assists_lf_la; na_ind_assists_cf_aaa; na_ind_assists_cf_ha; na_ind_assists_cf_aa; na_ind_assists_cf_r; na_ind_assists_cf_la; na_ind_assists_ss_aaa; na_ind_assists_ss_ha; na_ind_assists_ss_aa; na_ind_assists_ss_r; na_ind_assists_ss_la; na_ind_assists_c_aaa; na_ind_assists_c_ha; na_ind_assists_c_aa; na_ind_assists_c_r; na_ind_assists_c_la; na_ind_upper_minors_wrc; na_ind_upper_minors_ops; na_ind_upper_minors_bb_k; na_ind_upper_minors_bb; na_ind_upper_minors_k; na_ind_upper_minors_swstr; na_ind_upper_minors_babip; na_ind_upper_minors_iso; na_ind_upper_minors_hr_fb; na_ind_upper_minors_fb; na_ind_upper_minors_power_shape; na_ind_upper_minors_bb_minus_k; na_ind_upper_minors_age; na_ind_upper_minors_wrc_per_age; na_ind_upper_minors_ops_per_age; na_ind_upper_minors_bb_per_age; na_ind_upper_minors_k_per_age; na_ind_upper_minors_swstr_per_age; na_ind_upper_minors_babip_per_age; na_ind_upper_minors_iso_per_age; na_ind_upper_minors_hr_fb_per_age; na_ind_upper_minors_fb_per_age; na_ind_upper_minors_power_shape_per_age; na_ind_upper_minors_bb_minus_k_per_age; na_ind_aa_aaa_hr_fb_delta; na_ind_aa_aaa_fb_delta; na_ind_aa_aaa_power_shape_delta; na_ind_aa_aaa_bb_minus_k_delta; na_ind_aa_aaa_wrc_per_age_delta; na_ind_aa_aaa_ops_per_age_delta; na_ind_aa_aaa_wrc_delta; na_ind_aa_aaa_iso_delta; na_ind_aa_aaa_bb_delta; na_ind_aa_aaa_k_delta; na_ind_aa_aaa_age_delta; na_ind_aa_aaa_pa_delta; na_ind_aa_aaa_ops_delta
49,remove raw fielding variables from iteration 31 feature set with tuned lasso,0.824209,2026-05-10T00:00:00Z,g_aaa; ab_aaa; pa_aaa; h_aaa; x1b_aaa; x2b_aaa; x3b_aaa; hr_aaa; r_aaa; rbi_aaa; bb_aaa; ibb_aaa; so_aaa; hbp_aaa; sf_aaa; sh_aaa; gdp_aaa; sb_aaa; cs_aaa; avg_aaa; bb_percent_aaa; k_percent_aaa; bb_k_aaa; obp_aaa; slg_aaa; ops_aaa; iso_aaa; spd_aaa; babip_aaa; w_rc_aaa; w_raa_aaa; w_oba_aaa; w_rc_2_aaa; w_bs_r_aaa; gb_percent_aaa; ld_percent_aaa; fb_percent_aaa; iffb_percent_aaa; hr_fb_aaa; gb_fb_aaa; oppo_percent_aaa; pull_percent_aaa; cent_percent_aaa; balls_aaa; strikes_aaa; pitches_aaa; sw_str_percent_aaa; min_age_aaa; g_aa; ab_aa; pa_aa; h_aa; x1b_aa; x2b_aa; x3b_aa; hr_aa; r_aa; rbi_aa; bb_aa; ibb_aa; so_aa; hbp_aa; sf_aa; sh_aa; gdp_aa; sb_aa; cs_aa; avg_aa; bb_percent_aa; k_percent_aa; bb_k_aa; obp_aa; slg_aa; ops_aa; iso_aa; spd_aa; babip_aa; w_rc_aa; w_raa_aa; w_oba_aa; w_rc_2_aa; w_bs_r_aa; gb_percent_aa; ld_percent_aa; fb_percent_aa; iffb_percent_aa; hr_fb_aa; gb_fb_aa; oppo_percent_aa; pull_percent_aa; cent_percent_aa; balls_aa; strikes_aa; pitches_aa; sw_str_percent_aa; min_age_aa; g_ha; ab_ha; pa_ha; h_ha; x1b_ha; x2b_ha; x3b_ha; hr_ha; r_ha; rbi_ha; bb_ha; ibb_ha; so_ha; hbp_ha; sf_ha; sh_ha; gdp_ha; sb_ha; cs_ha; avg_ha; bb_percent_ha; k_percent_ha; bb_k_ha; obp_ha; slg_ha; ops_ha; iso_ha; spd_ha; babip_ha; w_rc_ha; w_raa_ha; w_oba_ha; w_rc_2_ha; w_bs_r_ha; gb_percent_ha; ld_percent_ha; fb_percent_ha; iffb_percent_ha; hr_fb_ha; gb_fb_ha; oppo_percent_ha; pull_percent_ha; cent_percent_ha; balls_ha; strikes_ha; pitches_ha; sw_str_percent_ha; min_age_ha; g_la; ab_la; pa_la; h_la; x1b_la; x2b_la; x3b_la; hr_la; r_la; rbi_la; bb_la; ibb_la; so_la; hbp_la; sf_la; sh_la; gdp_la; sb_la; cs_la; avg_la; bb_percent_la; k_percent_la; bb_k_la; obp_la; slg_la; ops_la; iso_la; spd_la; babip_la; w_rc_la; w_raa_la; w_oba_la; w_rc_2_la; w_bs_r_la; gb_percent_la; ld_percent_la; fb_percent_la; iffb_percent_la; hr_fb_la; gb_fb_la; oppo_percent_la; pull_percent_la; cent_percent_la; balls_la; strikes_la; pitches_la; sw_str_percent_la; min_age_la; g_r; ab_r; pa_r; h_r; x1b_r; x2b_r; x3b_r; hr_r; r_r; rbi_r; bb_r; ibb_r; so_r; hbp_r; sf_r; sh_r; gdp_r; sb_r; cs_r; avg_r; bb_percent_r; k_percent_r; bb_k_r; obp_r; slg_r; ops_r; iso_r; spd_r; babip_r; w_rc_r; w_raa_r; w_oba_r; w_rc_2_r; w_bs_r_r; gb_percent_r; ld_percent_r; fb_percent_r; iffb_percent_r; hr_fb_r; gb_fb_r; oppo_percent_r; pull_percent_r; cent_percent_r; balls_r; strikes_r; pitches_r; sw_str_percent_r; min_age_r; success; upper_minors_wrc; upper_minors_ops; upper_minors_bb_k; upper_minors_bb; upper_minors_k; upper_minors_swstr; upper_minors_babip; upper_minors_iso; upper_minors_hr_fb; upper_minors_fb; upper_minors_power_shape; upper_minors_bb_minus_k; upper_minors_age; upper_minors_wrc_per_age; upper_minors_ops_per_age; upper_minors_bb_per_age; upper_minors_k_per_age; upper_minors_swstr_per_age; upper_minors_babip_per_age; upper_minors_iso_per_age; upper_minors_hr_fb_per_age; upper_minors_fb_per_age; upper_minors_power_shape_per_age; upper_minors_bb_minus_k_per_age; aa_aaa_hr_fb_delta; aa_aaa_fb_delta; aa_aaa_power_shape_delta; aa_aaa_bb_minus_k_delta; aa_aaa_wrc_per_age_delta; aa_aaa_ops_per_age_delta; aa_aaa_wrc_delta; aa_aaa_iso_delta; aa_aaa_bb_delta; aa_aaa_k_delta; aa_aaa_age_delta; aa_aaa_pa_delta; aa_aaa_ops_delta; na_ind_g_aaa; na_ind_ab_aaa; na_ind_pa_aaa; na_ind_h_aaa; na_ind_x1b_aaa; na_ind_x2b_aaa; na_ind_x3b_aaa; na_ind_hr_aaa; na_ind_r_aaa; na_ind_rbi_aaa; na_ind_bb_aaa; na_ind_ibb_aaa; na_ind_so_aaa; na_ind_hbp_aaa; na_ind_sf_aaa; na_ind_sh_aaa; na_ind_gdp_aaa; na_ind_sb_aaa; na_ind_cs_aaa; na_ind_avg_aaa; na_ind_bb_percent_aaa; na_ind_k_percent_aaa; na_ind_bb_k_aaa; na_ind_obp_aaa; na_ind_slg_aaa; na_ind_ops_aaa; na_ind_iso_aaa; na_ind_spd_aaa; na_ind_babip_aaa; na_ind_w_rc_aaa; na_ind_w_raa_aaa; na_ind_w_oba_aaa; na_ind_w_rc_2_aaa; na_ind_w_bs_r_aaa; na_ind_gb_percent_aaa; na_ind_ld_percent_aaa; na_ind_fb_percent_aaa; na_ind_iffb_percent_aaa; na_ind_hr_fb_aaa; na_ind_gb_fb_aaa; na_ind_oppo_percent_aaa; na_ind_pull_percent_aaa; na_ind_cent_percent_aaa; na_ind_balls_aaa; na_ind_strikes_aaa; na_ind_pitches_aaa; na_ind_sw_str_percent_aaa; na_ind_min_age_aaa; na_ind_g_aa; na_ind_ab_aa; na_ind_pa_aa; na_ind_h_aa; na_ind_x1b_aa; na_ind_x2b_aa; na_ind_x3b_aa; na_ind_hr_aa; na_ind_r_aa; na_ind_rbi_aa; na_ind_bb_aa; na_ind_ibb_aa; na_ind_so_aa; na_ind_hbp_aa; na_ind_sf_aa; na_ind_sh_aa; na_ind_gdp_aa; na_ind_sb_aa; na_ind_cs_aa; na_ind_avg_aa; na_ind_bb_percent_aa; na_ind_k_percent_aa; na_ind_bb_k_aa; na_ind_obp_aa; na_ind_slg_aa; na_ind_ops_aa; na_ind_iso_aa; na_ind_spd_aa; na_ind_babip_aa; na_ind_w_rc_aa; na_ind_w_raa_aa; na_ind_w_oba_aa; na_ind_w_rc_2_aa; na_ind_w_bs_r_aa; na_ind_gb_percent_aa; na_ind_ld_percent_aa; na_ind_fb_percent_aa; na_ind_iffb_percent_aa; na_ind_hr_fb_aa; na_ind_gb_fb_aa; na_ind_oppo_percent_aa; na_ind_pull_percent_aa; na_ind_cent_percent_aa; na_ind_balls_aa; na_ind_strikes_aa; na_ind_pitches_aa; na_ind_sw_str_percent_aa; na_ind_min_age_aa; na_ind_g_ha; na_ind_ab_ha; na_ind_pa_ha; na_ind_h_ha; na_ind_x1b_ha; na_ind_x2b_ha; na_ind_x3b_ha; na_ind_hr_ha; na_ind_r_ha; na_ind_rbi_ha; na_ind_bb_ha; na_ind_ibb_ha; na_ind_so_ha; na_ind_hbp_ha; na_ind_sf_ha; na_ind_sh_ha; na_ind_gdp_ha; na_ind_sb_ha; na_ind_cs_ha; na_ind_avg_ha; na_ind_bb_percent_ha; na_ind_k_percent_ha; na_ind_bb_k_ha; na_ind_obp_ha; na_ind_slg_ha; na_ind_ops_ha; na_ind_iso_ha; na_ind_spd_ha; na_ind_babip_ha; na_ind_w_rc_ha; na_ind_w_raa_ha; na_ind_w_oba_ha; na_ind_w_rc_2_ha; na_ind_w_bs_r_ha; na_ind_gb_percent_ha; na_ind_ld_percent_ha; na_ind_fb_percent_ha; na_ind_iffb_percent_ha; na_ind_hr_fb_ha; na_ind_gb_fb_ha; na_ind_oppo_percent_ha; na_ind_pull_percent_ha; na_ind_cent_percent_ha; na_ind_balls_ha; na_ind_strikes_ha; na_ind_pitches_ha; na_ind_sw_str_percent_ha; na_ind_min_age_ha; na_ind_g_la; na_ind_ab_la; na_ind_pa_la; na_ind_h_la; na_ind_x1b_la; na_ind_x2b_la; na_ind_x3b_la; na_ind_hr_la; na_ind_r_la; na_ind_rbi_la; na_ind_bb_la; na_ind_ibb_la; na_ind_so_la; na_ind_hbp_la; na_ind_sf_la; na_ind_sh_la; na_ind_gdp_la; na_ind_sb_la; na_ind_cs_la; na_ind_avg_la; na_ind_bb_percent_la; na_ind_k_percent_la; na_ind_bb_k_la; na_ind_obp_la; na_ind_slg_la; na_ind_ops_la; na_ind_iso_la; na_ind_spd_la; na_ind_babip_la; na_ind_w_rc_la; na_ind_w_raa_la; na_ind_w_oba_la; na_ind_w_rc_2_la; na_ind_w_bs_r_la; na_ind_gb_percent_la; na_ind_ld_percent_la; na_ind_fb_percent_la; na_ind_iffb_percent_la; na_ind_hr_fb_la; na_ind_gb_fb_la; na_ind_oppo_percent_la; na_ind_pull_percent_la; na_ind_cent_percent_la; na_ind_balls_la; na_ind_strikes_la; na_ind_pitches_la; na_ind_sw_str_percent_la; na_ind_min_age_la; na_ind_g_r; na_ind_ab_r; na_ind_pa_r; na_ind_h_r; na_ind_x1b_r; na_ind_x2b_r; na_ind_x3b_r; na_ind_hr_r; na_ind_r_r; na_ind_rbi_r; na_ind_bb_r; na_ind_ibb_r; na_ind_so_r; na_ind_hbp_r; na_ind_sf_r; na_ind_sh_r; na_ind_gdp_r; na_ind_sb_r; na_ind_cs_r; na_ind_avg_r; na_ind_bb_percent_r; na_ind_k_percent_r; na_ind_bb_k_r; na_ind_obp_r; na_ind_slg_r; na_ind_ops_r; na_ind_iso_r; na_ind_spd_r; na_ind_babip_r; na_ind_w_rc_r; na_ind_w_raa_r; na_ind_w_oba_r; na_ind_w_rc_2_r; na_ind_w_bs_r_r; na_ind_gb_percent_r; na_ind_ld_percent_r; na_ind_fb_percent_r; na_ind_iffb_percent_r; na_ind_hr_fb_r; na_ind_gb_fb_r; na_ind_oppo_percent_r; na_ind_pull_percent_r; na_ind_cent_percent_r; na_ind_balls_r; na_ind_strikes_r; na_ind_pitches_r; na_ind_sw_str_percent_r; na_ind_min_age_r; na_ind_upper_minors_wrc; na_ind_upper_minors_ops; na_ind_upper_minors_bb_k; na_ind_upper_minors_bb; na_ind_upper_minors_k; na_ind_upper_minors_swstr; na_ind_upper_minors_babip; na_ind_upper_minors_iso; na_ind_upper_minors_hr_fb; na_ind_upper_minors_fb; na_ind_upper_minors_power_shape; na_ind_upper_minors_bb_minus_k; na_ind_upper_minors_age; na_ind_upper_minors_wrc_per_age; na_ind_upper_minors_ops_per_age; na_ind_upper_minors_bb_per_age; na_ind_upper_minors_k_per_age; na_ind_upper_minors_swstr_per_age; na_ind_upper_minors_babip_per_age; na_ind_upper_minors_iso_per_age; na_ind_upper_minors_hr_fb_per_age; na_ind_upper_minors_fb_per_age; na_ind_upper_minors_power_shape_per_age; na_ind_upper_minors_bb_minus_k_per_age; na_ind_aa_aaa_hr_fb_delta; na_ind_aa_aaa_fb_delta; na_ind_aa_aaa_power_shape_delta; na_ind_aa_aaa_bb_minus_k_delta; na_ind_aa_aaa_wrc_per_age_delta; na_ind_aa_aaa_ops_per_age_delta; na_ind_aa_aaa_wrc_delta; na_ind_aa_aaa_iso_delta; na_ind_aa_aaa_bb_delta; na_ind_aa_aaa_k_delta; na_ind_aa_aaa_age_delta; na_ind_aa_aaa_pa_delta; na_ind_aa_aaa_ops_delta
50,iteration31 features without raw fielding using smote and tuned lasso,0.827846,2026-05-10T00:00:00Z,g_aaa; ab_aaa; pa_aaa; h_aaa; x1b_aaa; x2b_aaa; x3b_aaa; hr_aaa; r_aaa; rbi_aaa; bb_aaa; ibb_aaa; so_aaa; hbp_aaa; sf_aaa; sh_aaa; gdp_aaa; sb_aaa; cs_aaa; avg_aaa; bb_percent_aaa; k_percent_aaa; bb_k_aaa; obp_aaa; slg_aaa; ops_aaa; iso_aaa; spd_aaa; babip_aaa; w_rc_aaa; w_raa_aaa; w_oba_aaa; w_rc_2_aaa; w_bs_r_aaa; gb_percent_aaa; ld_percent_aaa; fb_percent_aaa; iffb_percent_aaa; hr_fb_aaa; gb_fb_aaa; oppo_percent_aaa; pull_percent_aaa; cent_percent_aaa; balls_aaa; strikes_aaa; pitches_aaa; sw_str_percent_aaa; min_age_aaa; g_aa; ab_aa; pa_aa; h_aa; x1b_aa; x2b_aa; x3b_aa; hr_aa; r_aa; rbi_aa; bb_aa; ibb_aa; so_aa; hbp_aa; sf_aa; sh_aa; gdp_aa; sb_aa; cs_aa; avg_aa; bb_percent_aa; k_percent_aa; bb_k_aa; obp_aa; slg_aa; ops_aa; iso_aa; spd_aa; babip_aa; w_rc_aa; w_raa_aa; w_oba_aa; w_rc_2_aa; w_bs_r_aa; gb_percent_aa; ld_percent_aa; fb_percent_aa; iffb_percent_aa; hr_fb_aa; gb_fb_aa; oppo_percent_aa; pull_percent_aa; cent_percent_aa; balls_aa; strikes_aa; pitches_aa; sw_str_percent_aa; min_age_aa; g_ha; ab_ha; pa_ha; h_ha; x1b_ha; x2b_ha; x3b_ha; hr_ha; r_ha; rbi_ha; bb_ha; ibb_ha; so_ha; hbp_ha; sf_ha; sh_ha; gdp_ha; sb_ha; cs_ha; avg_ha; bb_percent_ha; k_percent_ha; bb_k_ha; obp_ha; slg_ha; ops_ha; iso_ha; spd_ha; babip_ha; w_rc_ha; w_raa_ha; w_oba_ha; w_rc_2_ha; w_bs_r_ha; gb_percent_ha; ld_percent_ha; fb_percent_ha; iffb_percent_ha; hr_fb_ha; gb_fb_ha; oppo_percent_ha; pull_percent_ha; cent_percent_ha; balls_ha; strikes_ha; pitches_ha; sw_str_percent_ha; min_age_ha; g_la; ab_la; pa_la; h_la; x1b_la; x2b_la; x3b_la; hr_la; r_la; rbi_la; bb_la; ibb_la; so_la; hbp_la; sf_la; sh_la; gdp_la; sb_la; cs_la; avg_la; bb_percent_la; k_percent_la; bb_k_la; obp_la; slg_la; ops_la; iso_la; spd_la; babip_la; w_rc_la; w_raa_la; w_oba_la; w_rc_2_la; w_bs_r_la; gb_percent_la; ld_percent_la; fb_percent_la; iffb_percent_la; hr_fb_la; gb_fb_la; oppo_percent_la; pull_percent_la; cent_percent_la; balls_la; strikes_la; pitches_la; sw_str_percent_la; min_age_la; g_r; ab_r; pa_r; h_r; x1b_r; x2b_r; x3b_r; hr_r; r_r; rbi_r; bb_r; ibb_r; so_r; hbp_r; sf_r; sh_r; gdp_r; sb_r; cs_r; avg_r; bb_percent_r; k_percent_r; bb_k_r; obp_r; slg_r; ops_r; iso_r; spd_r; babip_r; w_rc_r; w_raa_r; w_oba_r; w_rc_2_r; w_bs_r_r; gb_percent_r; ld_percent_r; fb_percent_r; iffb_percent_r; hr_fb_r; gb_fb_r; oppo_percent_r; pull_percent_r; cent_percent_r; balls_r; strikes_r; pitches_r; sw_str_percent_r; min_age_r; upper_minors_wrc; upper_minors_ops; upper_minors_bb_k; upper_minors_bb; upper_minors_k; upper_minors_swstr; upper_minors_babip; upper_minors_iso; upper_minors_hr_fb; upper_minors_fb; upper_minors_power_shape; upper_minors_bb_minus_k; upper_minors_age; upper_minors_wrc_per_age; upper_minors_ops_per_age; upper_minors_bb_per_age; upper_minors_k_per_age; upper_minors_swstr_per_age; upper_minors_babip_per_age; upper_minors_iso_per_age; upper_minors_hr_fb_per_age; upper_minors_fb_per_age; upper_minors_power_shape_per_age; upper_minors_bb_minus_k_per_age; aa_aaa_hr_fb_delta; aa_aaa_fb_delta; aa_aaa_power_shape_delta; aa_aaa_bb_minus_k_delta; aa_aaa_wrc_per_age_delta; aa_aaa_ops_per_age_delta; aa_aaa_wrc_delta; aa_aaa_iso_delta; aa_aaa_bb_delta; aa_aaa_k_delta; aa_aaa_age_delta; aa_aaa_pa_delta; aa_aaa_ops_delta; na_ind_g_aaa; na_ind_ab_aaa; na_ind_pa_aaa; na_ind_h_aaa; na_ind_x1b_aaa; na_ind_x2b_aaa; na_ind_x3b_aaa; na_ind_hr_aaa; na_ind_r_aaa; na_ind_rbi_aaa; na_ind_bb_aaa; na_ind_ibb_aaa; na_ind_so_aaa; na_ind_hbp_aaa; na_ind_sf_aaa; na_ind_sh_aaa; na_ind_gdp_aaa; na_ind_sb_aaa; na_ind_cs_aaa; na_ind_avg_aaa; na_ind_bb_percent_aaa; na_ind_k_percent_aaa; na_ind_bb_k_aaa; na_ind_obp_aaa; na_ind_slg_aaa; na_ind_ops_aaa; na_ind_iso_aaa; na_ind_spd_aaa; na_ind_babip_aaa; na_ind_w_rc_aaa; na_ind_w_raa_aaa; na_ind_w_oba_aaa; na_ind_w_rc_2_aaa; na_ind_w_bs_r_aaa; na_ind_gb_percent_aaa; na_ind_ld_percent_aaa; na_ind_fb_percent_aaa; na_ind_iffb_percent_aaa; na_ind_hr_fb_aaa; na_ind_gb_fb_aaa; na_ind_oppo_percent_aaa; na_ind_pull_percent_aaa; na_ind_cent_percent_aaa; na_ind_balls_aaa; na_ind_strikes_aaa; na_ind_pitches_aaa; na_ind_sw_str_percent_aaa; na_ind_min_age_aaa; na_ind_g_aa; na_ind_ab_aa; na_ind_pa_aa; na_ind_h_aa; na_ind_x1b_aa; na_ind_x2b_aa; na_ind_x3b_aa; na_ind_hr_aa; na_ind_r_aa; na_ind_rbi_aa; na_ind_bb_aa; na_ind_ibb_aa; na_ind_so_aa; na_ind_hbp_aa; na_ind_sf_aa; na_ind_sh_aa; na_ind_gdp_aa; na_ind_sb_aa; na_ind_cs_aa; na_ind_avg_aa; na_ind_bb_percent_aa; na_ind_k_percent_aa; na_ind_bb_k_aa; na_ind_obp_aa; na_ind_slg_aa; na_ind_ops_aa; na_ind_iso_aa; na_ind_spd_aa; na_ind_babip_aa; na_ind_w_rc_aa; na_ind_w_raa_aa; na_ind_w_oba_aa; na_ind_w_rc_2_aa; na_ind_w_bs_r_aa; na_ind_gb_percent_aa; na_ind_ld_percent_aa; na_ind_fb_percent_aa; na_ind_iffb_percent_aa; na_ind_hr_fb_aa; na_ind_gb_fb_aa; na_ind_oppo_percent_aa; na_ind_pull_percent_aa; na_ind_cent_percent_aa; na_ind_balls_aa; na_ind_strikes_aa; na_ind_pitches_aa; na_ind_sw_str_percent_aa; na_ind_min_age_aa; na_ind_g_ha; na_ind_ab_ha; na_ind_pa_ha; na_ind_h_ha; na_ind_x1b_ha; na_ind_x2b_ha; na_ind_x3b_ha; na_ind_hr_ha; na_ind_r_ha; na_ind_rbi_ha; na_ind_bb_ha; na_ind_ibb_ha; na_ind_so_ha; na_ind_hbp_ha; na_ind_sf_ha; na_ind_sh_ha; na_ind_gdp_ha; na_ind_sb_ha; na_ind_cs_ha; na_ind_avg_ha; na_ind_bb_percent_ha; na_ind_k_percent_ha; na_ind_bb_k_ha; na_ind_obp_ha; na_ind_slg_ha; na_ind_ops_ha; na_ind_iso_ha; na_ind_spd_ha; na_ind_babip_ha; na_ind_w_rc_ha; na_ind_w_raa_ha; na_ind_w_oba_ha; na_ind_w_rc_2_ha; na_ind_w_bs_r_ha; na_ind_gb_percent_ha; na_ind_ld_percent_ha; na_ind_fb_percent_ha; na_ind_iffb_percent_ha; na_ind_hr_fb_ha; na_ind_gb_fb_ha; na_ind_oppo_percent_ha; na_ind_pull_percent_ha; na_ind_cent_percent_ha; na_ind_balls_ha; na_ind_strikes_ha; na_ind_pitches_ha; na_ind_sw_str_percent_ha; na_ind_min_age_ha; na_ind_g_la; na_ind_ab_la; na_ind_pa_la; na_ind_h_la; na_ind_x1b_la; na_ind_x2b_la; na_ind_x3b_la; na_ind_hr_la; na_ind_r_la; na_ind_rbi_la; na_ind_bb_la; na_ind_ibb_la; na_ind_so_la; na_ind_hbp_la; na_ind_sf_la; na_ind_sh_la; na_ind_gdp_la; na_ind_sb_la; na_ind_cs_la; na_ind_avg_la; na_ind_bb_percent_la; na_ind_k_percent_la; na_ind_bb_k_la; na_ind_obp_la; na_ind_slg_la; na_ind_ops_la; na_ind_iso_la; na_ind_spd_la; na_ind_babip_la; na_ind_w_rc_la; na_ind_w_raa_la; na_ind_w_oba_la; na_ind_w_rc_2_la; na_ind_w_bs_r_la; na_ind_gb_percent_la; na_ind_ld_percent_la; na_ind_fb_percent_la; na_ind_iffb_percent_la; na_ind_hr_fb_la; na_ind_gb_fb_la; na_ind_oppo_percent_la; na_ind_pull_percent_la; na_ind_cent_percent_la; na_ind_balls_la; na_ind_strikes_la; na_ind_pitches_la; na_ind_sw_str_percent_la; na_ind_min_age_la; na_ind_g_r; na_ind_ab_r; na_ind_pa_r; na_ind_h_r; na_ind_x1b_r; na_ind_x2b_r; na_ind_x3b_r; na_ind_hr_r; na_ind_r_r; na_ind_rbi_r; na_ind_bb_r; na_ind_ibb_r; na_ind_so_r; na_ind_hbp_r; na_ind_sf_r; na_ind_sh_r; na_ind_gdp_r; na_ind_sb_r; na_ind_cs_r; na_ind_avg_r; na_ind_bb_percent_r; na_ind_k_percent_r; na_ind_bb_k_r; na_ind_obp_r; na_ind_slg_r; na_ind_ops_r; na_ind_iso_r; na_ind_spd_r; na_ind_babip_r; na_ind_w_rc_r; na_ind_w_raa_r; na_ind_w_oba_r; na_ind_w_rc_2_r; na_ind_w_bs_r_r; na_ind_gb_percent_r; na_ind_ld_percent_r; na_ind_fb_percent_r; na_ind_iffb_percent_r; na_ind_hr_fb_r; na_ind_gb_fb_r; na_ind_oppo_percent_r; na_ind_pull_percent_r; na_ind_cent_percent_r; na_ind_balls_r; na_ind_strikes_r; na_ind_pitches_r; na_ind_sw_str_percent_r; na_ind_min_age_r; na_ind_upper_minors_wrc; na_ind_upper_minors_ops; na_ind_upper_minors_bb_k; na_ind_upper_minors_bb; na_ind_upper_minors_k; na_ind_upper_minors_swstr; na_ind_upper_minors_babip; na_ind_upper_minors_iso; na_ind_upper_minors_hr_fb; na_ind_upper_minors_fb; na_ind_upper_minors_power_shape; na_ind_upper_minors_bb_minus_k; na_ind_upper_minors_age; na_ind_upper_minors_wrc_per_age; na_ind_upper_minors_ops_per_age; na_ind_upper_minors_bb_per_age; na_ind_upper_minors_k_per_age; na_ind_upper_minors_swstr_per_age; na_ind_upper_minors_babip_per_age; na_ind_upper_minors_iso_per_age; na_ind_upper_minors_hr_fb_per_age; na_ind_upper_minors_fb_per_age; na_ind_upper_minors_power_shape_per_age; na_ind_upper_minors_bb_minus_k_per_age; na_ind_aa_aaa_hr_fb_delta; na_ind_aa_aaa_fb_delta; na_ind_aa_aaa_power_shape_delta; na_ind_aa_aaa_bb_minus_k_delta; na_ind_aa_aaa_wrc_per_age_delta; na_ind_aa_aaa_ops_per_age_delta; na_ind_aa_aaa_wrc_delta; na_ind_aa_aaa_iso_delta; na_ind_aa_aaa_bb_delta; na_ind_aa_aaa_k_delta; na_ind_aa_aaa_age_delta; na_ind_aa_aaa_pa_delta; na_ind_aa_aaa_ops_delta; success
51,add upper-minors defensive spectrum shares and range interactions with smote,0.828994,2026-05-10T00:00:00Z,g_aaa; ab_aaa; pa_aaa; h_aaa; x1b_aaa; x2b_aaa; x3b_aaa; hr_aaa; r_aaa; rbi_aaa; bb_aaa; ibb_aaa; so_aaa; hbp_aaa; sf_aaa; sh_aaa; gdp_aaa; sb_aaa; cs_aaa; avg_aaa; bb_percent_aaa; k_percent_aaa; bb_k_aaa; obp_aaa; slg_aaa; ops_aaa; iso_aaa; spd_aaa; babip_aaa; w_rc_aaa; w_raa_aaa; w_oba_aaa; w_rc_2_aaa; w_bs_r_aaa; gb_percent_aaa; ld_percent_aaa; fb_percent_aaa; iffb_percent_aaa; hr_fb_aaa; gb_fb_aaa; oppo_percent_aaa; pull_percent_aaa; cent_percent_aaa; balls_aaa; strikes_aaa; pitches_aaa; sw_str_percent_aaa; min_age_aaa; g_aa; ab_aa; pa_aa; h_aa; x1b_aa; x2b_aa; x3b_aa; hr_aa; r_aa; rbi_aa; bb_aa; ibb_aa; so_aa; hbp_aa; sf_aa; sh_aa; gdp_aa; sb_aa; cs_aa; avg_aa; bb_percent_aa; k_percent_aa; bb_k_aa; obp_aa; slg_aa; ops_aa; iso_aa; spd_aa; babip_aa; w_rc_aa; w_raa_aa; w_oba_aa; w_rc_2_aa; w_bs_r_aa; gb_percent_aa; ld_percent_aa; fb_percent_aa; iffb_percent_aa; hr_fb_aa; gb_fb_aa; oppo_percent_aa; pull_percent_aa; cent_percent_aa; balls_aa; strikes_aa; pitches_aa; sw_str_percent_aa; min_age_aa; g_ha; ab_ha; pa_ha; h_ha; x1b_ha; x2b_ha; x3b_ha; hr_ha; r_ha; rbi_ha; bb_ha; ibb_ha; so_ha; hbp_ha; sf_ha; sh_ha; gdp_ha; sb_ha; cs_ha; avg_ha; bb_percent_ha; k_percent_ha; bb_k_ha; obp_ha; slg_ha; ops_ha; iso_ha; spd_ha; babip_ha; w_rc_ha; w_raa_ha; w_oba_ha; w_rc_2_ha; w_bs_r_ha; gb_percent_ha; ld_percent_ha; fb_percent_ha; iffb_percent_ha; hr_fb_ha; gb_fb_ha; oppo_percent_ha; pull_percent_ha; cent_percent_ha; balls_ha; strikes_ha; pitches_ha; sw_str_percent_ha; min_age_ha; g_la; ab_la; pa_la; h_la; x1b_la; x2b_la; x3b_la; hr_la; r_la; rbi_la; bb_la; ibb_la; so_la; hbp_la; sf_la; sh_la; gdp_la; sb_la; cs_la; avg_la; bb_percent_la; k_percent_la; bb_k_la; obp_la; slg_la; ops_la; iso_la; spd_la; babip_la; w_rc_la; w_raa_la; w_oba_la; w_rc_2_la; w_bs_r_la; gb_percent_la; ld_percent_la; fb_percent_la; iffb_percent_la; hr_fb_la; gb_fb_la; oppo_percent_la; pull_percent_la; cent_percent_la; balls_la; strikes_la; pitches_la; sw_str_percent_la; min_age_la; g_r; ab_r; pa_r; h_r; x1b_r; x2b_r; x3b_r; hr_r; r_r; rbi_r; bb_r; ibb_r; so_r; hbp_r; sf_r; sh_r; gdp_r; sb_r; cs_r; avg_r; bb_percent_r; k_percent_r; bb_k_r; obp_r; slg_r; ops_r; iso_r; spd_r; babip_r; w_rc_r; w_raa_r; w_oba_r; w_rc_2_r; w_bs_r_r; gb_percent_r; ld_percent_r; fb_percent_r; iffb_percent_r; hr_fb_r; gb_fb_r; oppo_percent_r; pull_percent_r; cent_percent_r; balls_r; strikes_r; pitches_r; sw_str_percent_r; min_age_r; upper_minors_wrc; upper_minors_ops; upper_minors_bb_k; upper_minors_bb; upper_minors_k; upper_minors_swstr; upper_minors_babip; upper_minors_iso; upper_minors_hr_fb; upper_minors_fb; upper_minors_power_shape; upper_minors_bb_minus_k; upper_minors_age; upper_minors_wrc_per_age; upper_minors_ops_per_age; upper_minors_bb_per_age; upper_minors_k_per_age; upper_minors_swstr_per_age; upper_minors_babip_per_age; upper_minors_iso_per_age; upper_minors_hr_fb_per_age; upper_minors_fb_per_age; upper_minors_power_shape_per_age; upper_minors_bb_minus_k_per_age; aa_aaa_hr_fb_delta; aa_aaa_fb_delta; aa_aaa_power_shape_delta; aa_aaa_bb_minus_k_delta; aa_aaa_wrc_per_age_delta; aa_aaa_ops_per_age_delta; aa_aaa_wrc_delta; aa_aaa_iso_delta; aa_aaa_bb_delta; aa_aaa_k_delta; aa_aaa_age_delta; aa_aaa_pa_delta; aa_aaa_ops_delta; upper_def_inn; upper_premium_inn; upper_corner_inn; upper_infield_inn; upper_outfield_inn; upper_premium_share; upper_corner_share; upper_infield_share; upper_outfield_share; upper_spectrum_score; upper_chances; upper_range_factor_9; upper_power_spectrum; upper_control_spectrum; upper_wrc_premium; upper_power_corner; na_ind_g_aaa; na_ind_ab_aaa; na_ind_pa_aaa; na_ind_h_aaa; na_ind_x1b_aaa; na_ind_x2b_aaa; na_ind_x3b_aaa; na_ind_hr_aaa; na_ind_r_aaa; na_ind_rbi_aaa; na_ind_bb_aaa; na_ind_ibb_aaa; na_ind_so_aaa; na_ind_hbp_aaa; na_ind_sf_aaa; na_ind_sh_aaa; na_ind_gdp_aaa; na_ind_sb_aaa; na_ind_cs_aaa; na_ind_avg_aaa; na_ind_bb_percent_aaa; na_ind_k_percent_aaa; na_ind_bb_k_aaa; na_ind_obp_aaa; na_ind_slg_aaa; na_ind_ops_aaa; na_ind_iso_aaa; na_ind_spd_aaa; na_ind_babip_aaa; na_ind_w_rc_aaa; na_ind_w_raa_aaa; na_ind_w_oba_aaa; na_ind_w_rc_2_aaa; na_ind_w_bs_r_aaa; na_ind_gb_percent_aaa; na_ind_ld_percent_aaa; na_ind_fb_percent_aaa; na_ind_iffb_percent_aaa; na_ind_hr_fb_aaa; na_ind_gb_fb_aaa; na_ind_oppo_percent_aaa; na_ind_pull_percent_aaa; na_ind_cent_percent_aaa; na_ind_balls_aaa; na_ind_strikes_aaa; na_ind_pitches_aaa; na_ind_sw_str_percent_aaa; na_ind_min_age_aaa; na_ind_g_aa; na_ind_ab_aa; na_ind_pa_aa; na_ind_h_aa; na_ind_x1b_aa; na_ind_x2b_aa; na_ind_x3b_aa; na_ind_hr_aa; na_ind_r_aa; na_ind_rbi_aa; na_ind_bb_aa; na_ind_ibb_aa; na_ind_so_aa; na_ind_hbp_aa; na_ind_sf_aa; na_ind_sh_aa; na_ind_gdp_aa; na_ind_sb_aa; na_ind_cs_aa; na_ind_avg_aa; na_ind_bb_percent_aa; na_ind_k_percent_aa; na_ind_bb_k_aa; na_ind_obp_aa; na_ind_slg_aa; na_ind_ops_aa; na_ind_iso_aa; na_ind_spd_aa; na_ind_babip_aa; na_ind_w_rc_aa; na_ind_w_raa_aa; na_ind_w_oba_aa; na_ind_w_rc_2_aa; na_ind_w_bs_r_aa; na_ind_gb_percent_aa; na_ind_ld_percent_aa; na_ind_fb_percent_aa; na_ind_iffb_percent_aa; na_ind_hr_fb_aa; na_ind_gb_fb_aa; na_ind_oppo_percent_aa; na_ind_pull_percent_aa; na_ind_cent_percent_aa; na_ind_balls_aa; na_ind_strikes_aa; na_ind_pitches_aa; na_ind_sw_str_percent_aa; na_ind_min_age_aa; na_ind_g_ha; na_ind_ab_ha; na_ind_pa_ha; na_ind_h_ha; na_ind_x1b_ha; na_ind_x2b_ha; na_ind_x3b_ha; na_ind_hr_ha; na_ind_r_ha; na_ind_rbi_ha; na_ind_bb_ha; na_ind_ibb_ha; na_ind_so_ha; na_ind_hbp_ha; na_ind_sf_ha; na_ind_sh_ha; na_ind_gdp_ha; na_ind_sb_ha; na_ind_cs_ha; na_ind_avg_ha; na_ind_bb_percent_ha; na_ind_k_percent_ha; na_ind_bb_k_ha; na_ind_obp_ha; na_ind_slg_ha; na_ind_ops_ha; na_ind_iso_ha; na_ind_spd_ha; na_ind_babip_ha; na_ind_w_rc_ha; na_ind_w_raa_ha; na_ind_w_oba_ha; na_ind_w_rc_2_ha; na_ind_w_bs_r_ha; na_ind_gb_percent_ha; na_ind_ld_percent_ha; na_ind_fb_percent_ha; na_ind_iffb_percent_ha; na_ind_hr_fb_ha; na_ind_gb_fb_ha; na_ind_oppo_percent_ha; na_ind_pull_percent_ha; na_ind_cent_percent_ha; na_ind_balls_ha; na_ind_strikes_ha; na_ind_pitches_ha; na_ind_sw_str_percent_ha; na_ind_min_age_ha; na_ind_g_la; na_ind_ab_la; na_ind_pa_la; na_ind_h_la; na_ind_x1b_la; na_ind_x2b_la; na_ind_x3b_la; na_ind_hr_la; na_ind_r_la; na_ind_rbi_la; na_ind_bb_la; na_ind_ibb_la; na_ind_so_la; na_ind_hbp_la; na_ind_sf_la; na_ind_sh_la; na_ind_gdp_la; na_ind_sb_la; na_ind_cs_la; na_ind_avg_la; na_ind_bb_percent_la; na_ind_k_percent_la; na_ind_bb_k_la; na_ind_obp_la; na_ind_slg_la; na_ind_ops_la; na_ind_iso_la; na_ind_spd_la; na_ind_babip_la; na_ind_w_rc_la; na_ind_w_raa_la; na_ind_w_oba_la; na_ind_w_rc_2_la; na_ind_w_bs_r_la; na_ind_gb_percent_la; na_ind_ld_percent_la; na_ind_fb_percent_la; na_ind_iffb_percent_la; na_ind_hr_fb_la; na_ind_gb_fb_la; na_ind_oppo_percent_la; na_ind_pull_percent_la; na_ind_cent_percent_la; na_ind_balls_la; na_ind_strikes_la; na_ind_pitches_la; na_ind_sw_str_percent_la; na_ind_min_age_la; na_ind_g_r; na_ind_ab_r; na_ind_pa_r; na_ind_h_r; na_ind_x1b_r; na_ind_x2b_r; na_ind_x3b_r; na_ind_hr_r; na_ind_r_r; na_ind_rbi_r; na_ind_bb_r; na_ind_ibb_r; na_ind_so_r; na_ind_hbp_r; na_ind_sf_r; na_ind_sh_r; na_ind_gdp_r; na_ind_sb_r; na_ind_cs_r; na_ind_avg_r; na_ind_bb_percent_r; na_ind_k_percent_r; na_ind_bb_k_r; na_ind_obp_r; na_ind_slg_r; na_ind_ops_r; na_ind_iso_r; na_ind_spd_r; na_ind_babip_r; na_ind_w_rc_r; na_ind_w_raa_r; na_ind_w_oba_r; na_ind_w_rc_2_r; na_ind_w_bs_r_r; na_ind_gb_percent_r; na_ind_ld_percent_r; na_ind_fb_percent_r; na_ind_iffb_percent_r; na_ind_hr_fb_r; na_ind_gb_fb_r; na_ind_oppo_percent_r; na_ind_pull_percent_r; na_ind_cent_percent_r; na_ind_balls_r; na_ind_strikes_r; na_ind_pitches_r; na_ind_sw_str_percent_r; na_ind_min_age_r; na_ind_upper_minors_wrc; na_ind_upper_minors_ops; na_ind_upper_minors_bb_k; na_ind_upper_minors_bb; na_ind_upper_minors_k; na_ind_upper_minors_swstr; na_ind_upper_minors_babip; na_ind_upper_minors_iso; na_ind_upper_minors_hr_fb; na_ind_upper_minors_fb; na_ind_upper_minors_power_shape; na_ind_upper_minors_bb_minus_k; na_ind_upper_minors_age; na_ind_upper_minors_wrc_per_age; na_ind_upper_minors_ops_per_age; na_ind_upper_minors_bb_per_age; na_ind_upper_minors_k_per_age; na_ind_upper_minors_swstr_per_age; na_ind_upper_minors_babip_per_age; na_ind_upper_minors_iso_per_age; na_ind_upper_minors_hr_fb_per_age; na_ind_upper_minors_fb_per_age; na_ind_upper_minors_power_shape_per_age; na_ind_upper_minors_bb_minus_k_per_age; na_ind_aa_aaa_hr_fb_delta; na_ind_aa_aaa_fb_delta; na_ind_aa_aaa_power_shape_delta; na_ind_aa_aaa_bb_minus_k_delta; na_ind_aa_aaa_wrc_per_age_delta; na_ind_aa_aaa_ops_per_age_delta; na_ind_aa_aaa_wrc_delta; na_ind_aa_aaa_iso_delta; na_ind_aa_aaa_bb_delta; na_ind_aa_aaa_k_delta; na_ind_aa_aaa_age_delta; na_ind_aa_aaa_pa_delta; na_ind_aa_aaa_ops_delta; na_ind_upper_power_spectrum; na_ind_upper_control_spectrum; na_ind_upper_wrc_premium; na_ind_upper_power_corner; success
52,move zero-variance filter before normalization for defensive-spectrum smote recipe,0.828994,2026-05-10T00:00:00Z,g_aaa; ab_aaa; pa_aaa; h_aaa; x1b_aaa; x2b_aaa; x3b_aaa; hr_aaa; r_aaa; rbi_aaa; bb_aaa; ibb_aaa; so_aaa; hbp_aaa; sf_aaa; sh_aaa; gdp_aaa; sb_aaa; cs_aaa; avg_aaa; bb_percent_aaa; k_percent_aaa; bb_k_aaa; obp_aaa; slg_aaa; ops_aaa; iso_aaa; spd_aaa; babip_aaa; w_rc_aaa; w_raa_aaa; w_oba_aaa; w_rc_2_aaa; w_bs_r_aaa; gb_percent_aaa; ld_percent_aaa; fb_percent_aaa; iffb_percent_aaa; hr_fb_aaa; gb_fb_aaa; oppo_percent_aaa; pull_percent_aaa; cent_percent_aaa; balls_aaa; strikes_aaa; pitches_aaa; sw_str_percent_aaa; min_age_aaa; g_aa; ab_aa; pa_aa; h_aa; x1b_aa; x2b_aa; x3b_aa; hr_aa; r_aa; rbi_aa; bb_aa; ibb_aa; so_aa; hbp_aa; sf_aa; sh_aa; gdp_aa; sb_aa; cs_aa; avg_aa; bb_percent_aa; k_percent_aa; bb_k_aa; obp_aa; slg_aa; ops_aa; iso_aa; spd_aa; babip_aa; w_rc_aa; w_raa_aa; w_oba_aa; w_rc_2_aa; w_bs_r_aa; gb_percent_aa; ld_percent_aa; fb_percent_aa; iffb_percent_aa; hr_fb_aa; gb_fb_aa; oppo_percent_aa; pull_percent_aa; cent_percent_aa; balls_aa; strikes_aa; pitches_aa; sw_str_percent_aa; min_age_aa; g_ha; ab_ha; pa_ha; h_ha; x1b_ha; x2b_ha; x3b_ha; hr_ha; r_ha; rbi_ha; bb_ha; ibb_ha; so_ha; hbp_ha; sf_ha; sh_ha; gdp_ha; sb_ha; cs_ha; avg_ha; bb_percent_ha; k_percent_ha; bb_k_ha; obp_ha; slg_ha; ops_ha; iso_ha; spd_ha; babip_ha; w_rc_ha; w_raa_ha; w_oba_ha; w_rc_2_ha; w_bs_r_ha; gb_percent_ha; ld_percent_ha; fb_percent_ha; iffb_percent_ha; hr_fb_ha; gb_fb_ha; oppo_percent_ha; pull_percent_ha; cent_percent_ha; balls_ha; strikes_ha; pitches_ha; sw_str_percent_ha; min_age_ha; g_la; ab_la; pa_la; h_la; x1b_la; x2b_la; x3b_la; hr_la; r_la; rbi_la; bb_la; ibb_la; so_la; hbp_la; sf_la; sh_la; gdp_la; sb_la; cs_la; avg_la; bb_percent_la; k_percent_la; bb_k_la; obp_la; slg_la; ops_la; iso_la; spd_la; babip_la; w_rc_la; w_raa_la; w_oba_la; w_rc_2_la; w_bs_r_la; gb_percent_la; ld_percent_la; fb_percent_la; iffb_percent_la; hr_fb_la; gb_fb_la; oppo_percent_la; pull_percent_la; cent_percent_la; balls_la; strikes_la; pitches_la; sw_str_percent_la; min_age_la; g_r; ab_r; pa_r; h_r; x1b_r; x2b_r; x3b_r; hr_r; r_r; rbi_r; bb_r; ibb_r; so_r; hbp_r; sf_r; sh_r; gdp_r; sb_r; cs_r; avg_r; bb_percent_r; k_percent_r; bb_k_r; obp_r; slg_r; ops_r; iso_r; spd_r; babip_r; w_rc_r; w_raa_r; w_oba_r; w_rc_2_r; w_bs_r_r; gb_percent_r; ld_percent_r; fb_percent_r; iffb_percent_r; hr_fb_r; gb_fb_r; oppo_percent_r; pull_percent_r; cent_percent_r; balls_r; strikes_r; pitches_r; sw_str_percent_r; min_age_r; upper_minors_wrc; upper_minors_ops; upper_minors_bb_k; upper_minors_bb; upper_minors_k; upper_minors_swstr; upper_minors_babip; upper_minors_iso; upper_minors_hr_fb; upper_minors_fb; upper_minors_power_shape; upper_minors_bb_minus_k; upper_minors_age; upper_minors_wrc_per_age; upper_minors_ops_per_age; upper_minors_bb_per_age; upper_minors_k_per_age; upper_minors_swstr_per_age; upper_minors_babip_per_age; upper_minors_iso_per_age; upper_minors_hr_fb_per_age; upper_minors_fb_per_age; upper_minors_power_shape_per_age; upper_minors_bb_minus_k_per_age; aa_aaa_hr_fb_delta; aa_aaa_fb_delta; aa_aaa_power_shape_delta; aa_aaa_bb_minus_k_delta; aa_aaa_wrc_per_age_delta; aa_aaa_ops_per_age_delta; aa_aaa_wrc_delta; aa_aaa_iso_delta; aa_aaa_bb_delta; aa_aaa_k_delta; aa_aaa_age_delta; aa_aaa_pa_delta; aa_aaa_ops_delta; upper_def_inn; upper_premium_inn; upper_corner_inn; upper_infield_inn; upper_outfield_inn; upper_premium_share; upper_corner_share; upper_infield_share; upper_outfield_share; upper_spectrum_score; upper_chances; upper_range_factor_9; upper_power_spectrum; upper_control_spectrum; upper_wrc_premium; upper_power_corner; na_ind_g_aaa; na_ind_ab_aaa; na_ind_pa_aaa; na_ind_h_aaa; na_ind_x1b_aaa; na_ind_x2b_aaa; na_ind_x3b_aaa; na_ind_hr_aaa; na_ind_r_aaa; na_ind_rbi_aaa; na_ind_bb_aaa; na_ind_ibb_aaa; na_ind_so_aaa; na_ind_hbp_aaa; na_ind_sf_aaa; na_ind_sh_aaa; na_ind_gdp_aaa; na_ind_sb_aaa; na_ind_cs_aaa; na_ind_avg_aaa; na_ind_bb_percent_aaa; na_ind_k_percent_aaa; na_ind_bb_k_aaa; na_ind_obp_aaa; na_ind_slg_aaa; na_ind_ops_aaa; na_ind_iso_aaa; na_ind_spd_aaa; na_ind_babip_aaa; na_ind_w_rc_aaa; na_ind_w_raa_aaa; na_ind_w_oba_aaa; na_ind_w_rc_2_aaa; na_ind_w_bs_r_aaa; na_ind_gb_percent_aaa; na_ind_ld_percent_aaa; na_ind_fb_percent_aaa; na_ind_iffb_percent_aaa; na_ind_hr_fb_aaa; na_ind_gb_fb_aaa; na_ind_oppo_percent_aaa; na_ind_pull_percent_aaa; na_ind_cent_percent_aaa; na_ind_balls_aaa; na_ind_strikes_aaa; na_ind_pitches_aaa; na_ind_sw_str_percent_aaa; na_ind_min_age_aaa; na_ind_g_aa; na_ind_ab_aa; na_ind_pa_aa; na_ind_h_aa; na_ind_x1b_aa; na_ind_x2b_aa; na_ind_x3b_aa; na_ind_hr_aa; na_ind_r_aa; na_ind_rbi_aa; na_ind_bb_aa; na_ind_ibb_aa; na_ind_so_aa; na_ind_hbp_aa; na_ind_sf_aa; na_ind_sh_aa; na_ind_gdp_aa; na_ind_sb_aa; na_ind_cs_aa; na_ind_avg_aa; na_ind_bb_percent_aa; na_ind_k_percent_aa; na_ind_bb_k_aa; na_ind_obp_aa; na_ind_slg_aa; na_ind_ops_aa; na_ind_iso_aa; na_ind_spd_aa; na_ind_babip_aa; na_ind_w_rc_aa; na_ind_w_raa_aa; na_ind_w_oba_aa; na_ind_w_rc_2_aa; na_ind_w_bs_r_aa; na_ind_gb_percent_aa; na_ind_ld_percent_aa; na_ind_fb_percent_aa; na_ind_iffb_percent_aa; na_ind_hr_fb_aa; na_ind_gb_fb_aa; na_ind_oppo_percent_aa; na_ind_pull_percent_aa; na_ind_cent_percent_aa; na_ind_balls_aa; na_ind_strikes_aa; na_ind_pitches_aa; na_ind_sw_str_percent_aa; na_ind_min_age_aa; na_ind_g_ha; na_ind_ab_ha; na_ind_pa_ha; na_ind_h_ha; na_ind_x1b_ha; na_ind_x2b_ha; na_ind_x3b_ha; na_ind_hr_ha; na_ind_r_ha; na_ind_rbi_ha; na_ind_bb_ha; na_ind_ibb_ha; na_ind_so_ha; na_ind_hbp_ha; na_ind_sf_ha; na_ind_sh_ha; na_ind_gdp_ha; na_ind_sb_ha; na_ind_cs_ha; na_ind_avg_ha; na_ind_bb_percent_ha; na_ind_k_percent_ha; na_ind_bb_k_ha; na_ind_obp_ha; na_ind_slg_ha; na_ind_ops_ha; na_ind_iso_ha; na_ind_spd_ha; na_ind_babip_ha; na_ind_w_rc_ha; na_ind_w_raa_ha; na_ind_w_oba_ha; na_ind_w_rc_2_ha; na_ind_w_bs_r_ha; na_ind_gb_percent_ha; na_ind_ld_percent_ha; na_ind_fb_percent_ha; na_ind_iffb_percent_ha; na_ind_hr_fb_ha; na_ind_gb_fb_ha; na_ind_oppo_percent_ha; na_ind_pull_percent_ha; na_ind_cent_percent_ha; na_ind_balls_ha; na_ind_strikes_ha; na_ind_pitches_ha; na_ind_sw_str_percent_ha; na_ind_min_age_ha; na_ind_g_la; na_ind_ab_la; na_ind_pa_la; na_ind_h_la; na_ind_x1b_la; na_ind_x2b_la; na_ind_x3b_la; na_ind_hr_la; na_ind_r_la; na_ind_rbi_la; na_ind_bb_la; na_ind_ibb_la; na_ind_so_la; na_ind_hbp_la; na_ind_sf_la; na_ind_sh_la; na_ind_gdp_la; na_ind_sb_la; na_ind_cs_la; na_ind_avg_la; na_ind_bb_percent_la; na_ind_k_percent_la; na_ind_bb_k_la; na_ind_obp_la; na_ind_slg_la; na_ind_ops_la; na_ind_iso_la; na_ind_spd_la; na_ind_babip_la; na_ind_w_rc_la; na_ind_w_raa_la; na_ind_w_oba_la; na_ind_w_rc_2_la; na_ind_w_bs_r_la; na_ind_gb_percent_la; na_ind_ld_percent_la; na_ind_fb_percent_la; na_ind_iffb_percent_la; na_ind_hr_fb_la; na_ind_gb_fb_la; na_ind_oppo_percent_la; na_ind_pull_percent_la; na_ind_cent_percent_la; na_ind_balls_la; na_ind_strikes_la; na_ind_pitches_la; na_ind_sw_str_percent_la; na_ind_min_age_la; na_ind_g_r; na_ind_ab_r; na_ind_pa_r; na_ind_h_r; na_ind_x1b_r; na_ind_x2b_r; na_ind_x3b_r; na_ind_hr_r; na_ind_r_r; na_ind_rbi_r; na_ind_bb_r; na_ind_ibb_r; na_ind_so_r; na_ind_hbp_r; na_ind_sf_r; na_ind_sh_r; na_ind_gdp_r; na_ind_sb_r; na_ind_cs_r; na_ind_avg_r; na_ind_bb_percent_r; na_ind_k_percent_r; na_ind_bb_k_r; na_ind_obp_r; na_ind_slg_r; na_ind_ops_r; na_ind_iso_r; na_ind_spd_r; na_ind_babip_r; na_ind_w_rc_r; na_ind_w_raa_r; na_ind_w_oba_r; na_ind_w_rc_2_r; na_ind_w_bs_r_r; na_ind_gb_percent_r; na_ind_ld_percent_r; na_ind_fb_percent_r; na_ind_iffb_percent_r; na_ind_hr_fb_r; na_ind_gb_fb_r; na_ind_oppo_percent_r; na_ind_pull_percent_r; na_ind_cent_percent_r; na_ind_balls_r; na_ind_strikes_r; na_ind_pitches_r; na_ind_sw_str_percent_r; na_ind_min_age_r; na_ind_upper_minors_wrc; na_ind_upper_minors_ops; na_ind_upper_minors_bb_k; na_ind_upper_minors_bb; na_ind_upper_minors_k; na_ind_upper_minors_swstr; na_ind_upper_minors_babip; na_ind_upper_minors_iso; na_ind_upper_minors_hr_fb; na_ind_upper_minors_fb; na_ind_upper_minors_power_shape; na_ind_upper_minors_bb_minus_k; na_ind_upper_minors_age; na_ind_upper_minors_wrc_per_age; na_ind_upper_minors_ops_per_age; na_ind_upper_minors_bb_per_age; na_ind_upper_minors_k_per_age; na_ind_upper_minors_swstr_per_age; na_ind_upper_minors_babip_per_age; na_ind_upper_minors_iso_per_age; na_ind_upper_minors_hr_fb_per_age; na_ind_upper_minors_fb_per_age; na_ind_upper_minors_power_shape_per_age; na_ind_upper_minors_bb_minus_k_per_age; na_ind_aa_aaa_hr_fb_delta; na_ind_aa_aaa_fb_delta; na_ind_aa_aaa_power_shape_delta; na_ind_aa_aaa_bb_minus_k_delta; na_ind_aa_aaa_wrc_per_age_delta; na_ind_aa_aaa_ops_per_age_delta; na_ind_aa_aaa_wrc_delta; na_ind_aa_aaa_iso_delta; na_ind_aa_aaa_bb_delta; na_ind_aa_aaa_k_delta; na_ind_aa_aaa_age_delta; na_ind_aa_aaa_pa_delta; na_ind_aa_aaa_ops_delta; na_ind_upper_power_spectrum; na_ind_upper_control_spectrum; na_ind_upper_wrc_premium; na_ind_upper_power_corner; success
53,add log iso-hr-fb transforms and LowA-to-HighA power progression to defensive smote recipe,0.836954,2026-05-10T00:00:00Z,g_aaa; ab_aaa; pa_aaa; h_aaa; x1b_aaa; x2b_aaa; x3b_aaa; hr_aaa; r_aaa; rbi_aaa; bb_aaa; ibb_aaa; so_aaa; hbp_aaa; sf_aaa; sh_aaa; gdp_aaa; sb_aaa; cs_aaa; avg_aaa; bb_percent_aaa; k_percent_aaa; bb_k_aaa; obp_aaa; slg_aaa; ops_aaa; iso_aaa; spd_aaa; babip_aaa; w_rc_aaa; w_raa_aaa; w_oba_aaa; w_rc_2_aaa; w_bs_r_aaa; gb_percent_aaa; ld_percent_aaa; fb_percent_aaa; iffb_percent_aaa; hr_fb_aaa; gb_fb_aaa; oppo_percent_aaa; pull_percent_aaa; cent_percent_aaa; balls_aaa; strikes_aaa; pitches_aaa; sw_str_percent_aaa; min_age_aaa; g_aa; ab_aa; pa_aa; h_aa; x1b_aa; x2b_aa; x3b_aa; hr_aa; r_aa; rbi_aa; bb_aa; ibb_aa; so_aa; hbp_aa; sf_aa; sh_aa; gdp_aa; sb_aa; cs_aa; avg_aa; bb_percent_aa; k_percent_aa; bb_k_aa; obp_aa; slg_aa; ops_aa; iso_aa; spd_aa; babip_aa; w_rc_aa; w_raa_aa; w_oba_aa; w_rc_2_aa; w_bs_r_aa; gb_percent_aa; ld_percent_aa; fb_percent_aa; iffb_percent_aa; hr_fb_aa; gb_fb_aa; oppo_percent_aa; pull_percent_aa; cent_percent_aa; balls_aa; strikes_aa; pitches_aa; sw_str_percent_aa; min_age_aa; g_ha; ab_ha; pa_ha; h_ha; x1b_ha; x2b_ha; x3b_ha; hr_ha; r_ha; rbi_ha; bb_ha; ibb_ha; so_ha; hbp_ha; sf_ha; sh_ha; gdp_ha; sb_ha; cs_ha; avg_ha; bb_percent_ha; k_percent_ha; bb_k_ha; obp_ha; slg_ha; ops_ha; iso_ha; spd_ha; babip_ha; w_rc_ha; w_raa_ha; w_oba_ha; w_rc_2_ha; w_bs_r_ha; gb_percent_ha; ld_percent_ha; fb_percent_ha; iffb_percent_ha; hr_fb_ha; gb_fb_ha; oppo_percent_ha; pull_percent_ha; cent_percent_ha; balls_ha; strikes_ha; pitches_ha; sw_str_percent_ha; min_age_ha; g_la; ab_la; pa_la; h_la; x1b_la; x2b_la; x3b_la; hr_la; r_la; rbi_la; bb_la; ibb_la; so_la; hbp_la; sf_la; sh_la; gdp_la; sb_la; cs_la; avg_la; bb_percent_la; k_percent_la; bb_k_la; obp_la; slg_la; ops_la; iso_la; spd_la; babip_la; w_rc_la; w_raa_la; w_oba_la; w_rc_2_la; w_bs_r_la; gb_percent_la; ld_percent_la; fb_percent_la; iffb_percent_la; hr_fb_la; gb_fb_la; oppo_percent_la; pull_percent_la; cent_percent_la; balls_la; strikes_la; pitches_la; sw_str_percent_la; min_age_la; g_r; ab_r; pa_r; h_r; x1b_r; x2b_r; x3b_r; hr_r; r_r; rbi_r; bb_r; ibb_r; so_r; hbp_r; sf_r; sh_r; gdp_r; sb_r; cs_r; avg_r; bb_percent_r; k_percent_r; bb_k_r; obp_r; slg_r; ops_r; iso_r; spd_r; babip_r; w_rc_r; w_raa_r; w_oba_r; w_rc_2_r; w_bs_r_r; gb_percent_r; ld_percent_r; fb_percent_r; iffb_percent_r; hr_fb_r; gb_fb_r; oppo_percent_r; pull_percent_r; cent_percent_r; balls_r; strikes_r; pitches_r; sw_str_percent_r; min_age_r; upper_minors_wrc; upper_minors_ops; upper_minors_bb_k; upper_minors_bb; upper_minors_k; upper_minors_swstr; upper_minors_babip; upper_minors_iso; upper_minors_hr_fb; upper_minors_fb; upper_minors_power_shape; upper_minors_bb_minus_k; upper_minors_age; upper_minors_wrc_per_age; upper_minors_ops_per_age; upper_minors_bb_per_age; upper_minors_k_per_age; upper_minors_swstr_per_age; upper_minors_babip_per_age; upper_minors_iso_per_age; upper_minors_hr_fb_per_age; upper_minors_fb_per_age; upper_minors_power_shape_per_age; upper_minors_bb_minus_k_per_age; aa_aaa_hr_fb_delta; aa_aaa_fb_delta; aa_aaa_power_shape_delta; aa_aaa_bb_minus_k_delta; aa_aaa_wrc_per_age_delta; aa_aaa_ops_per_age_delta; aa_aaa_wrc_delta; aa_aaa_iso_delta; aa_aaa_bb_delta; aa_aaa_k_delta; aa_aaa_age_delta; aa_aaa_pa_delta; aa_aaa_ops_delta; log_iso_aa; log_iso_aaa; log_hr_aa; log_hr_aaa; log_fb_aa; log_fb_aaa; la_ha_iso_delta; la_ha_hr_fb_delta; la_ha_fb_delta; la_ha_power_shape_delta; la_ha_bb_minus_k_delta; la_ha_wrc_delta; la_ha_ops_delta; la_ha_wrc_per_age_delta; upper_def_inn; upper_premium_inn; upper_corner_inn; upper_infield_inn; upper_outfield_inn; upper_premium_share; upper_corner_share; upper_infield_share; upper_outfield_share; upper_spectrum_score; upper_chances; upper_range_factor_9; upper_power_spectrum; upper_control_spectrum; upper_wrc_premium; upper_power_corner; na_ind_g_aaa; na_ind_ab_aaa; na_ind_pa_aaa; na_ind_h_aaa; na_ind_x1b_aaa; na_ind_x2b_aaa; na_ind_x3b_aaa; na_ind_hr_aaa; na_ind_r_aaa; na_ind_rbi_aaa; na_ind_bb_aaa; na_ind_ibb_aaa; na_ind_so_aaa; na_ind_hbp_aaa; na_ind_sf_aaa; na_ind_sh_aaa; na_ind_gdp_aaa; na_ind_sb_aaa; na_ind_cs_aaa; na_ind_avg_aaa; na_ind_bb_percent_aaa; na_ind_k_percent_aaa; na_ind_bb_k_aaa; na_ind_obp_aaa; na_ind_slg_aaa; na_ind_ops_aaa; na_ind_iso_aaa; na_ind_spd_aaa; na_ind_babip_aaa; na_ind_w_rc_aaa; na_ind_w_raa_aaa; na_ind_w_oba_aaa; na_ind_w_rc_2_aaa; na_ind_w_bs_r_aaa; na_ind_gb_percent_aaa; na_ind_ld_percent_aaa; na_ind_fb_percent_aaa; na_ind_iffb_percent_aaa; na_ind_hr_fb_aaa; na_ind_gb_fb_aaa; na_ind_oppo_percent_aaa; na_ind_pull_percent_aaa; na_ind_cent_percent_aaa; na_ind_balls_aaa; na_ind_strikes_aaa; na_ind_pitches_aaa; na_ind_sw_str_percent_aaa; na_ind_min_age_aaa; na_ind_g_aa; na_ind_ab_aa; na_ind_pa_aa; na_ind_h_aa; na_ind_x1b_aa; na_ind_x2b_aa; na_ind_x3b_aa; na_ind_hr_aa; na_ind_r_aa; na_ind_rbi_aa; na_ind_bb_aa; na_ind_ibb_aa; na_ind_so_aa; na_ind_hbp_aa; na_ind_sf_aa; na_ind_sh_aa; na_ind_gdp_aa; na_ind_sb_aa; na_ind_cs_aa; na_ind_avg_aa; na_ind_bb_percent_aa; na_ind_k_percent_aa; na_ind_bb_k_aa; na_ind_obp_aa; na_ind_slg_aa; na_ind_ops_aa; na_ind_iso_aa; na_ind_spd_aa; na_ind_babip_aa; na_ind_w_rc_aa; na_ind_w_raa_aa; na_ind_w_oba_aa; na_ind_w_rc_2_aa; na_ind_w_bs_r_aa; na_ind_gb_percent_aa; na_ind_ld_percent_aa; na_ind_fb_percent_aa; na_ind_iffb_percent_aa; na_ind_hr_fb_aa; na_ind_gb_fb_aa; na_ind_oppo_percent_aa; na_ind_pull_percent_aa; na_ind_cent_percent_aa; na_ind_balls_aa; na_ind_strikes_aa; na_ind_pitches_aa; na_ind_sw_str_percent_aa; na_ind_min_age_aa; na_ind_g_ha; na_ind_ab_ha; na_ind_pa_ha; na_ind_h_ha; na_ind_x1b_ha; na_ind_x2b_ha; na_ind_x3b_ha; na_ind_hr_ha; na_ind_r_ha; na_ind_rbi_ha; na_ind_bb_ha; na_ind_ibb_ha; na_ind_so_ha; na_ind_hbp_ha; na_ind_sf_ha; na_ind_sh_ha; na_ind_gdp_ha; na_ind_sb_ha; na_ind_cs_ha; na_ind_avg_ha; na_ind_bb_percent_ha; na_ind_k_percent_ha; na_ind_bb_k_ha; na_ind_obp_ha; na_ind_slg_ha; na_ind_ops_ha; na_ind_iso_ha; na_ind_spd_ha; na_ind_babip_ha; na_ind_w_rc_ha; na_ind_w_raa_ha; na_ind_w_oba_ha; na_ind_w_rc_2_ha; na_ind_w_bs_r_ha; na_ind_gb_percent_ha; na_ind_ld_percent_ha; na_ind_fb_percent_ha; na_ind_iffb_percent_ha; na_ind_hr_fb_ha; na_ind_gb_fb_ha; na_ind_oppo_percent_ha; na_ind_pull_percent_ha; na_ind_cent_percent_ha; na_ind_balls_ha; na_ind_strikes_ha; na_ind_pitches_ha; na_ind_sw_str_percent_ha; na_ind_min_age_ha; na_ind_g_la; na_ind_ab_la; na_ind_pa_la; na_ind_h_la; na_ind_x1b_la; na_ind_x2b_la; na_ind_x3b_la; na_ind_hr_la; na_ind_r_la; na_ind_rbi_la; na_ind_bb_la; na_ind_ibb_la; na_ind_so_la; na_ind_hbp_la; na_ind_sf_la; na_ind_sh_la; na_ind_gdp_la; na_ind_sb_la; na_ind_cs_la; na_ind_avg_la; na_ind_bb_percent_la; na_ind_k_percent_la; na_ind_bb_k_la; na_ind_obp_la; na_ind_slg_la; na_ind_ops_la; na_ind_iso_la; na_ind_spd_la; na_ind_babip_la; na_ind_w_rc_la; na_ind_w_raa_la; na_ind_w_oba_la; na_ind_w_rc_2_la; na_ind_w_bs_r_la; na_ind_gb_percent_la; na_ind_ld_percent_la; na_ind_fb_percent_la; na_ind_iffb_percent_la; na_ind_hr_fb_la; na_ind_gb_fb_la; na_ind_oppo_percent_la; na_ind_pull_percent_la; na_ind_cent_percent_la; na_ind_balls_la; na_ind_strikes_la; na_ind_pitches_la; na_ind_sw_str_percent_la; na_ind_min_age_la; na_ind_g_r; na_ind_ab_r; na_ind_pa_r; na_ind_h_r; na_ind_x1b_r; na_ind_x2b_r; na_ind_x3b_r; na_ind_hr_r; na_ind_r_r; na_ind_rbi_r; na_ind_bb_r; na_ind_ibb_r; na_ind_so_r; na_ind_hbp_r; na_ind_sf_r; na_ind_sh_r; na_ind_gdp_r; na_ind_sb_r; na_ind_cs_r; na_ind_avg_r; na_ind_bb_percent_r; na_ind_k_percent_r; na_ind_bb_k_r; na_ind_obp_r; na_ind_slg_r; na_ind_ops_r; na_ind_iso_r; na_ind_spd_r; na_ind_babip_r; na_ind_w_rc_r; na_ind_w_raa_r; na_ind_w_oba_r; na_ind_w_rc_2_r; na_ind_w_bs_r_r; na_ind_gb_percent_r; na_ind_ld_percent_r; na_ind_fb_percent_r; na_ind_iffb_percent_r; na_ind_hr_fb_r; na_ind_gb_fb_r; na_ind_oppo_percent_r; na_ind_pull_percent_r; na_ind_cent_percent_r; na_ind_balls_r; na_ind_strikes_r; na_ind_pitches_r; na_ind_sw_str_percent_r; na_ind_min_age_r; na_ind_upper_minors_wrc; na_ind_upper_minors_ops; na_ind_upper_minors_bb_k; na_ind_upper_minors_bb; na_ind_upper_minors_k; na_ind_upper_minors_swstr; na_ind_upper_minors_babip; na_ind_upper_minors_iso; na_ind_upper_minors_hr_fb; na_ind_upper_minors_fb; na_ind_upper_minors_power_shape; na_ind_upper_minors_bb_minus_k; na_ind_upper_minors_age; na_ind_upper_minors_wrc_per_age; na_ind_upper_minors_ops_per_age; na_ind_upper_minors_bb_per_age; na_ind_upper_minors_k_per_age; na_ind_upper_minors_swstr_per_age; na_ind_upper_minors_babip_per_age; na_ind_upper_minors_iso_per_age; na_ind_upper_minors_hr_fb_per_age; na_ind_upper_minors_fb_per_age; na_ind_upper_minors_power_shape_per_age; na_ind_upper_minors_bb_minus_k_per_age; na_ind_aa_aaa_hr_fb_delta; na_ind_aa_aaa_fb_delta; na_ind_aa_aaa_power_shape_delta; na_ind_aa_aaa_bb_minus_k_delta; na_ind_aa_aaa_wrc_per_age_delta; na_ind_aa_aaa_ops_per_age_delta; na_ind_aa_aaa_wrc_delta; na_ind_aa_aaa_iso_delta; na_ind_aa_aaa_bb_delta; na_ind_aa_aaa_k_delta; na_ind_aa_aaa_age_delta; na_ind_aa_aaa_pa_delta; na_ind_aa_aaa_ops_delta; na_ind_log_iso_aa; na_ind_log_iso_aaa; na_ind_log_hr_aa; na_ind_log_hr_aaa; na_ind_log_fb_aa; na_ind_log_fb_aaa; na_ind_la_ha_iso_delta; na_ind_la_ha_hr_fb_delta; na_ind_la_ha_fb_delta; na_ind_la_ha_power_shape_delta; na_ind_la_ha_bb_minus_k_delta; na_ind_la_ha_wrc_delta; na_ind_la_ha_ops_delta; na_ind_la_ha_wrc_per_age_delta; na_ind_upper_power_spectrum; na_ind_upper_control_spectrum; na_ind_upper_wrc_premium; na_ind_upper_power_corner; success
54,add career defensive spectrum exposure and spectrum progression interactions,0.83284,2026-05-10T00:00:00Z,g_aaa; ab_aaa; pa_aaa; h_aaa; x1b_aaa; x2b_aaa; x3b_aaa; hr_aaa; r_aaa; rbi_aaa; bb_aaa; ibb_aaa; so_aaa; hbp_aaa; sf_aaa; sh_aaa; gdp_aaa; sb_aaa; cs_aaa; avg_aaa; bb_percent_aaa; k_percent_aaa; bb_k_aaa; obp_aaa; slg_aaa; ops_aaa; iso_aaa; spd_aaa; babip_aaa; w_rc_aaa; w_raa_aaa; w_oba_aaa; w_rc_2_aaa; w_bs_r_aaa; gb_percent_aaa; ld_percent_aaa; fb_percent_aaa; iffb_percent_aaa; hr_fb_aaa; gb_fb_aaa; oppo_percent_aaa; pull_percent_aaa; cent_percent_aaa; balls_aaa; strikes_aaa; pitches_aaa; sw_str_percent_aaa; min_age_aaa; g_aa; ab_aa; pa_aa; h_aa; x1b_aa; x2b_aa; x3b_aa; hr_aa; r_aa; rbi_aa; bb_aa; ibb_aa; so_aa; hbp_aa; sf_aa; sh_aa; gdp_aa; sb_aa; cs_aa; avg_aa; bb_percent_aa; k_percent_aa; bb_k_aa; obp_aa; slg_aa; ops_aa; iso_aa; spd_aa; babip_aa; w_rc_aa; w_raa_aa; w_oba_aa; w_rc_2_aa; w_bs_r_aa; gb_percent_aa; ld_percent_aa; fb_percent_aa; iffb_percent_aa; hr_fb_aa; gb_fb_aa; oppo_percent_aa; pull_percent_aa; cent_percent_aa; balls_aa; strikes_aa; pitches_aa; sw_str_percent_aa; min_age_aa; g_ha; ab_ha; pa_ha; h_ha; x1b_ha; x2b_ha; x3b_ha; hr_ha; r_ha; rbi_ha; bb_ha; ibb_ha; so_ha; hbp_ha; sf_ha; sh_ha; gdp_ha; sb_ha; cs_ha; avg_ha; bb_percent_ha; k_percent_ha; bb_k_ha; obp_ha; slg_ha; ops_ha; iso_ha; spd_ha; babip_ha; w_rc_ha; w_raa_ha; w_oba_ha; w_rc_2_ha; w_bs_r_ha; gb_percent_ha; ld_percent_ha; fb_percent_ha; iffb_percent_ha; hr_fb_ha; gb_fb_ha; oppo_percent_ha; pull_percent_ha; cent_percent_ha; balls_ha; strikes_ha; pitches_ha; sw_str_percent_ha; min_age_ha; g_la; ab_la; pa_la; h_la; x1b_la; x2b_la; x3b_la; hr_la; r_la; rbi_la; bb_la; ibb_la; so_la; hbp_la; sf_la; sh_la; gdp_la; sb_la; cs_la; avg_la; bb_percent_la; k_percent_la; bb_k_la; obp_la; slg_la; ops_la; iso_la; spd_la; babip_la; w_rc_la; w_raa_la; w_oba_la; w_rc_2_la; w_bs_r_la; gb_percent_la; ld_percent_la; fb_percent_la; iffb_percent_la; hr_fb_la; gb_fb_la; oppo_percent_la; pull_percent_la; cent_percent_la; balls_la; strikes_la; pitches_la; sw_str_percent_la; min_age_la; g_r; ab_r; pa_r; h_r; x1b_r; x2b_r; x3b_r; hr_r; r_r; rbi_r; bb_r; ibb_r; so_r; hbp_r; sf_r; sh_r; gdp_r; sb_r; cs_r; avg_r; bb_percent_r; k_percent_r; bb_k_r; obp_r; slg_r; ops_r; iso_r; spd_r; babip_r; w_rc_r; w_raa_r; w_oba_r; w_rc_2_r; w_bs_r_r; gb_percent_r; ld_percent_r; fb_percent_r; iffb_percent_r; hr_fb_r; gb_fb_r; oppo_percent_r; pull_percent_r; cent_percent_r; balls_r; strikes_r; pitches_r; sw_str_percent_r; min_age_r; upper_minors_wrc; upper_minors_ops; upper_minors_bb_k; upper_minors_bb; upper_minors_k; upper_minors_swstr; upper_minors_babip; upper_minors_iso; upper_minors_hr_fb; upper_minors_fb; upper_minors_power_shape; upper_minors_bb_minus_k; upper_minors_age; upper_minors_wrc_per_age; upper_minors_ops_per_age; upper_minors_bb_per_age; upper_minors_k_per_age; upper_minors_swstr_per_age; upper_minors_babip_per_age; upper_minors_iso_per_age; upper_minors_hr_fb_per_age; upper_minors_fb_per_age; upper_minors_power_shape_per_age; upper_minors_bb_minus_k_per_age; aa_aaa_hr_fb_delta; aa_aaa_fb_delta; aa_aaa_power_shape_delta; aa_aaa_bb_minus_k_delta; aa_aaa_wrc_per_age_delta; aa_aaa_ops_per_age_delta; aa_aaa_wrc_delta; aa_aaa_iso_delta; aa_aaa_bb_delta; aa_aaa_k_delta; aa_aaa_age_delta; aa_aaa_pa_delta; aa_aaa_ops_delta; log_iso_aa; log_iso_aaa; log_hr_aa; log_hr_aaa; log_fb_aa; log_fb_aaa; la_ha_iso_delta; la_ha_hr_fb_delta; la_ha_fb_delta; la_ha_power_shape_delta; la_ha_bb_minus_k_delta; la_ha_wrc_delta; la_ha_ops_delta; la_ha_wrc_per_age_delta; upper_def_inn; upper_premium_inn; upper_corner_inn; upper_infield_inn; upper_outfield_inn; upper_premium_share; upper_corner_share; upper_infield_share; upper_outfield_share; upper_spectrum_score; upper_chances; upper_range_factor_9; upper_power_spectrum; upper_control_spectrum; upper_wrc_premium; upper_power_corner; all_c_inn; all_ss_inn; all_cf_inn; all_2b3b_inn; all_corner_of_inn; all_1b_inn; all_def_inn; all_premium_share; all_1b_corner_share; all_spectrum_score; lower_def_inn; lower_spectrum_score; spectrum_progression; all_power_spectrum; all_control_spectrum; la_ha_power_premium; aa_aaa_power_premium; na_ind_g_aaa; na_ind_ab_aaa; na_ind_pa_aaa; na_ind_h_aaa; na_ind_x1b_aaa; na_ind_x2b_aaa; na_ind_x3b_aaa; na_ind_hr_aaa; na_ind_r_aaa; na_ind_rbi_aaa; na_ind_bb_aaa; na_ind_ibb_aaa; na_ind_so_aaa; na_ind_hbp_aaa; na_ind_sf_aaa; na_ind_sh_aaa; na_ind_gdp_aaa; na_ind_sb_aaa; na_ind_cs_aaa; na_ind_avg_aaa; na_ind_bb_percent_aaa; na_ind_k_percent_aaa; na_ind_bb_k_aaa; na_ind_obp_aaa; na_ind_slg_aaa; na_ind_ops_aaa; na_ind_iso_aaa; na_ind_spd_aaa; na_ind_babip_aaa; na_ind_w_rc_aaa; na_ind_w_raa_aaa; na_ind_w_oba_aaa; na_ind_w_rc_2_aaa; na_ind_w_bs_r_aaa; na_ind_gb_percent_aaa; na_ind_ld_percent_aaa; na_ind_fb_percent_aaa; na_ind_iffb_percent_aaa; na_ind_hr_fb_aaa; na_ind_gb_fb_aaa; na_ind_oppo_percent_aaa; na_ind_pull_percent_aaa; na_ind_cent_percent_aaa; na_ind_balls_aaa; na_ind_strikes_aaa; na_ind_pitches_aaa; na_ind_sw_str_percent_aaa; na_ind_min_age_aaa; na_ind_g_aa; na_ind_ab_aa; na_ind_pa_aa; na_ind_h_aa; na_ind_x1b_aa; na_ind_x2b_aa; na_ind_x3b_aa; na_ind_hr_aa; na_ind_r_aa; na_ind_rbi_aa; na_ind_bb_aa; na_ind_ibb_aa; na_ind_so_aa; na_ind_hbp_aa; na_ind_sf_aa; na_ind_sh_aa; na_ind_gdp_aa; na_ind_sb_aa; na_ind_cs_aa; na_ind_avg_aa; na_ind_bb_percent_aa; na_ind_k_percent_aa; na_ind_bb_k_aa; na_ind_obp_aa; na_ind_slg_aa; na_ind_ops_aa; na_ind_iso_aa; na_ind_spd_aa; na_ind_babip_aa; na_ind_w_rc_aa; na_ind_w_raa_aa; na_ind_w_oba_aa; na_ind_w_rc_2_aa; na_ind_w_bs_r_aa; na_ind_gb_percent_aa; na_ind_ld_percent_aa; na_ind_fb_percent_aa; na_ind_iffb_percent_aa; na_ind_hr_fb_aa; na_ind_gb_fb_aa; na_ind_oppo_percent_aa; na_ind_pull_percent_aa; na_ind_cent_percent_aa; na_ind_balls_aa; na_ind_strikes_aa; na_ind_pitches_aa; na_ind_sw_str_percent_aa; na_ind_min_age_aa; na_ind_g_ha; na_ind_ab_ha; na_ind_pa_ha; na_ind_h_ha; na_ind_x1b_ha; na_ind_x2b_ha; na_ind_x3b_ha; na_ind_hr_ha; na_ind_r_ha; na_ind_rbi_ha; na_ind_bb_ha; na_ind_ibb_ha; na_ind_so_ha; na_ind_hbp_ha; na_ind_sf_ha; na_ind_sh_ha; na_ind_gdp_ha; na_ind_sb_ha; na_ind_cs_ha; na_ind_avg_ha; na_ind_bb_percent_ha; na_ind_k_percent_ha; na_ind_bb_k_ha; na_ind_obp_ha; na_ind_slg_ha; na_ind_ops_ha; na_ind_iso_ha; na_ind_spd_ha; na_ind_babip_ha; na_ind_w_rc_ha; na_ind_w_raa_ha; na_ind_w_oba_ha; na_ind_w_rc_2_ha; na_ind_w_bs_r_ha; na_ind_gb_percent_ha; na_ind_ld_percent_ha; na_ind_fb_percent_ha; na_ind_iffb_percent_ha; na_ind_hr_fb_ha; na_ind_gb_fb_ha; na_ind_oppo_percent_ha; na_ind_pull_percent_ha; na_ind_cent_percent_ha; na_ind_balls_ha; na_ind_strikes_ha; na_ind_pitches_ha; na_ind_sw_str_percent_ha; na_ind_min_age_ha; na_ind_g_la; na_ind_ab_la; na_ind_pa_la; na_ind_h_la; na_ind_x1b_la; na_ind_x2b_la; na_ind_x3b_la; na_ind_hr_la; na_ind_r_la; na_ind_rbi_la; na_ind_bb_la; na_ind_ibb_la; na_ind_so_la; na_ind_hbp_la; na_ind_sf_la; na_ind_sh_la; na_ind_gdp_la; na_ind_sb_la; na_ind_cs_la; na_ind_avg_la; na_ind_bb_percent_la; na_ind_k_percent_la; na_ind_bb_k_la; na_ind_obp_la; na_ind_slg_la; na_ind_ops_la; na_ind_iso_la; na_ind_spd_la; na_ind_babip_la; na_ind_w_rc_la; na_ind_w_raa_la; na_ind_w_oba_la; na_ind_w_rc_2_la; na_ind_w_bs_r_la; na_ind_gb_percent_la; na_ind_ld_percent_la; na_ind_fb_percent_la; na_ind_iffb_percent_la; na_ind_hr_fb_la; na_ind_gb_fb_la; na_ind_oppo_percent_la; na_ind_pull_percent_la; na_ind_cent_percent_la; na_ind_balls_la; na_ind_strikes_la; na_ind_pitches_la; na_ind_sw_str_percent_la; na_ind_min_age_la; na_ind_g_r; na_ind_ab_r; na_ind_pa_r; na_ind_h_r; na_ind_x1b_r; na_ind_x2b_r; na_ind_x3b_r; na_ind_hr_r; na_ind_r_r; na_ind_rbi_r; na_ind_bb_r; na_ind_ibb_r; na_ind_so_r; na_ind_hbp_r; na_ind_sf_r; na_ind_sh_r; na_ind_gdp_r; na_ind_sb_r; na_ind_cs_r; na_ind_avg_r; na_ind_bb_percent_r; na_ind_k_percent_r; na_ind_bb_k_r; na_ind_obp_r; na_ind_slg_r; na_ind_ops_r; na_ind_iso_r; na_ind_spd_r; na_ind_babip_r; na_ind_w_rc_r; na_ind_w_raa_r; na_ind_w_oba_r; na_ind_w_rc_2_r; na_ind_w_bs_r_r; na_ind_gb_percent_r; na_ind_ld_percent_r; na_ind_fb_percent_r; na_ind_iffb_percent_r; na_ind_hr_fb_r; na_ind_gb_fb_r; na_ind_oppo_percent_r; na_ind_pull_percent_r; na_ind_cent_percent_r; na_ind_balls_r; na_ind_strikes_r; na_ind_pitches_r; na_ind_sw_str_percent_r; na_ind_min_age_r; na_ind_upper_minors_wrc; na_ind_upper_minors_ops; na_ind_upper_minors_bb_k; na_ind_upper_minors_bb; na_ind_upper_minors_k; na_ind_upper_minors_swstr; na_ind_upper_minors_babip; na_ind_upper_minors_iso; na_ind_upper_minors_hr_fb; na_ind_upper_minors_fb; na_ind_upper_minors_power_shape; na_ind_upper_minors_bb_minus_k; na_ind_upper_minors_age; na_ind_upper_minors_wrc_per_age; na_ind_upper_minors_ops_per_age; na_ind_upper_minors_bb_per_age; na_ind_upper_minors_k_per_age; na_ind_upper_minors_swstr_per_age; na_ind_upper_minors_babip_per_age; na_ind_upper_minors_iso_per_age; na_ind_upper_minors_hr_fb_per_age; na_ind_upper_minors_fb_per_age; na_ind_upper_minors_power_shape_per_age; na_ind_upper_minors_bb_minus_k_per_age; na_ind_aa_aaa_hr_fb_delta; na_ind_aa_aaa_fb_delta; na_ind_aa_aaa_power_shape_delta; na_ind_aa_aaa_bb_minus_k_delta; na_ind_aa_aaa_wrc_per_age_delta; na_ind_aa_aaa_ops_per_age_delta; na_ind_aa_aaa_wrc_delta; na_ind_aa_aaa_iso_delta; na_ind_aa_aaa_bb_delta; na_ind_aa_aaa_k_delta; na_ind_aa_aaa_age_delta; na_ind_aa_aaa_pa_delta; na_ind_aa_aaa_ops_delta; na_ind_log_iso_aa; na_ind_log_iso_aaa; na_ind_log_hr_aa; na_ind_log_hr_aaa; na_ind_log_fb_aa; na_ind_log_fb_aaa; na_ind_la_ha_iso_delta; na_ind_la_ha_hr_fb_delta; na_ind_la_ha_fb_delta; na_ind_la_ha_power_shape_delta; na_ind_la_ha_bb_minus_k_delta; na_ind_la_ha_wrc_delta; na_ind_la_ha_ops_delta; na_ind_la_ha_wrc_per_age_delta; na_ind_upper_power_spectrum; na_ind_upper_control_spectrum; na_ind_upper_wrc_premium; na_ind_upper_power_corner; na_ind_all_power_spectrum; na_ind_all_control_spectrum; na_ind_la_ha_power_premium; na_ind_aa_aaa_power_premium; success
55,add upper-minors position-specific catcher shortstop centerfield and first-base share interactions,0.833152,2026-05-10T00:00:00Z,g_aaa; ab_aaa; pa_aaa; h_aaa; x1b_aaa; x2b_aaa; x3b_aaa; hr_aaa; r_aaa; rbi_aaa; bb_aaa; ibb_aaa; so_aaa; hbp_aaa; sf_aaa; sh_aaa; gdp_aaa; sb_aaa; cs_aaa; avg_aaa; bb_percent_aaa; k_percent_aaa; bb_k_aaa; obp_aaa; slg_aaa; ops_aaa; iso_aaa; spd_aaa; babip_aaa; w_rc_aaa; w_raa_aaa; w_oba_aaa; w_rc_2_aaa; w_bs_r_aaa; gb_percent_aaa; ld_percent_aaa; fb_percent_aaa; iffb_percent_aaa; hr_fb_aaa; gb_fb_aaa; oppo_percent_aaa; pull_percent_aaa; cent_percent_aaa; balls_aaa; strikes_aaa; pitches_aaa; sw_str_percent_aaa; min_age_aaa; g_aa; ab_aa; pa_aa; h_aa; x1b_aa; x2b_aa; x3b_aa; hr_aa; r_aa; rbi_aa; bb_aa; ibb_aa; so_aa; hbp_aa; sf_aa; sh_aa; gdp_aa; sb_aa; cs_aa; avg_aa; bb_percent_aa; k_percent_aa; bb_k_aa; obp_aa; slg_aa; ops_aa; iso_aa; spd_aa; babip_aa; w_rc_aa; w_raa_aa; w_oba_aa; w_rc_2_aa; w_bs_r_aa; gb_percent_aa; ld_percent_aa; fb_percent_aa; iffb_percent_aa; hr_fb_aa; gb_fb_aa; oppo_percent_aa; pull_percent_aa; cent_percent_aa; balls_aa; strikes_aa; pitches_aa; sw_str_percent_aa; min_age_aa; g_ha; ab_ha; pa_ha; h_ha; x1b_ha; x2b_ha; x3b_ha; hr_ha; r_ha; rbi_ha; bb_ha; ibb_ha; so_ha; hbp_ha; sf_ha; sh_ha; gdp_ha; sb_ha; cs_ha; avg_ha; bb_percent_ha; k_percent_ha; bb_k_ha; obp_ha; slg_ha; ops_ha; iso_ha; spd_ha; babip_ha; w_rc_ha; w_raa_ha; w_oba_ha; w_rc_2_ha; w_bs_r_ha; gb_percent_ha; ld_percent_ha; fb_percent_ha; iffb_percent_ha; hr_fb_ha; gb_fb_ha; oppo_percent_ha; pull_percent_ha; cent_percent_ha; balls_ha; strikes_ha; pitches_ha; sw_str_percent_ha; min_age_ha; g_la; ab_la; pa_la; h_la; x1b_la; x2b_la; x3b_la; hr_la; r_la; rbi_la; bb_la; ibb_la; so_la; hbp_la; sf_la; sh_la; gdp_la; sb_la; cs_la; avg_la; bb_percent_la; k_percent_la; bb_k_la; obp_la; slg_la; ops_la; iso_la; spd_la; babip_la; w_rc_la; w_raa_la; w_oba_la; w_rc_2_la; w_bs_r_la; gb_percent_la; ld_percent_la; fb_percent_la; iffb_percent_la; hr_fb_la; gb_fb_la; oppo_percent_la; pull_percent_la; cent_percent_la; balls_la; strikes_la; pitches_la; sw_str_percent_la; min_age_la; g_r; ab_r; pa_r; h_r; x1b_r; x2b_r; x3b_r; hr_r; r_r; rbi_r; bb_r; ibb_r; so_r; hbp_r; sf_r; sh_r; gdp_r; sb_r; cs_r; avg_r; bb_percent_r; k_percent_r; bb_k_r; obp_r; slg_r; ops_r; iso_r; spd_r; babip_r; w_rc_r; w_raa_r; w_oba_r; w_rc_2_r; w_bs_r_r; gb_percent_r; ld_percent_r; fb_percent_r; iffb_percent_r; hr_fb_r; gb_fb_r; oppo_percent_r; pull_percent_r; cent_percent_r; balls_r; strikes_r; pitches_r; sw_str_percent_r; min_age_r; upper_minors_wrc; upper_minors_ops; upper_minors_bb_k; upper_minors_bb; upper_minors_k; upper_minors_swstr; upper_minors_babip; upper_minors_iso; upper_minors_hr_fb; upper_minors_fb; upper_minors_power_shape; upper_minors_bb_minus_k; upper_minors_age; upper_minors_wrc_per_age; upper_minors_ops_per_age; upper_minors_bb_per_age; upper_minors_k_per_age; upper_minors_swstr_per_age; upper_minors_babip_per_age; upper_minors_iso_per_age; upper_minors_hr_fb_per_age; upper_minors_fb_per_age; upper_minors_power_shape_per_age; upper_minors_bb_minus_k_per_age; aa_aaa_hr_fb_delta; aa_aaa_fb_delta; aa_aaa_power_shape_delta; aa_aaa_bb_minus_k_delta; aa_aaa_wrc_per_age_delta; aa_aaa_ops_per_age_delta; aa_aaa_wrc_delta; aa_aaa_iso_delta; aa_aaa_bb_delta; aa_aaa_k_delta; aa_aaa_age_delta; aa_aaa_pa_delta; aa_aaa_ops_delta; log_iso_aa; log_iso_aaa; log_hr_aa; log_hr_aaa; log_fb_aa; log_fb_aaa; la_ha_iso_delta; la_ha_hr_fb_delta; la_ha_fb_delta; la_ha_power_shape_delta; la_ha_bb_minus_k_delta; la_ha_wrc_delta; la_ha_ops_delta; la_ha_wrc_per_age_delta; upper_def_inn; upper_premium_inn; upper_corner_inn; upper_infield_inn; upper_outfield_inn; upper_premium_share; upper_corner_share; upper_infield_share; upper_outfield_share; upper_c_share; upper_ss_share; upper_cf_share; upper_1b_share; upper_spectrum_score; upper_chances; upper_range_factor_9; upper_power_spectrum; upper_control_spectrum; upper_wrc_premium; upper_power_corner; upper_wrc_c; upper_wrc_ss_cf; upper_power_1b; na_ind_g_aaa; na_ind_ab_aaa; na_ind_pa_aaa; na_ind_h_aaa; na_ind_x1b_aaa; na_ind_x2b_aaa; na_ind_x3b_aaa; na_ind_hr_aaa; na_ind_r_aaa; na_ind_rbi_aaa; na_ind_bb_aaa; na_ind_ibb_aaa; na_ind_so_aaa; na_ind_hbp_aaa; na_ind_sf_aaa; na_ind_sh_aaa; na_ind_gdp_aaa; na_ind_sb_aaa; na_ind_cs_aaa; na_ind_avg_aaa; na_ind_bb_percent_aaa; na_ind_k_percent_aaa; na_ind_bb_k_aaa; na_ind_obp_aaa; na_ind_slg_aaa; na_ind_ops_aaa; na_ind_iso_aaa; na_ind_spd_aaa; na_ind_babip_aaa; na_ind_w_rc_aaa; na_ind_w_raa_aaa; na_ind_w_oba_aaa; na_ind_w_rc_2_aaa; na_ind_w_bs_r_aaa; na_ind_gb_percent_aaa; na_ind_ld_percent_aaa; na_ind_fb_percent_aaa; na_ind_iffb_percent_aaa; na_ind_hr_fb_aaa; na_ind_gb_fb_aaa; na_ind_oppo_percent_aaa; na_ind_pull_percent_aaa; na_ind_cent_percent_aaa; na_ind_balls_aaa; na_ind_strikes_aaa; na_ind_pitches_aaa; na_ind_sw_str_percent_aaa; na_ind_min_age_aaa; na_ind_g_aa; na_ind_ab_aa; na_ind_pa_aa; na_ind_h_aa; na_ind_x1b_aa; na_ind_x2b_aa; na_ind_x3b_aa; na_ind_hr_aa; na_ind_r_aa; na_ind_rbi_aa; na_ind_bb_aa; na_ind_ibb_aa; na_ind_so_aa; na_ind_hbp_aa; na_ind_sf_aa; na_ind_sh_aa; na_ind_gdp_aa; na_ind_sb_aa; na_ind_cs_aa; na_ind_avg_aa; na_ind_bb_percent_aa; na_ind_k_percent_aa; na_ind_bb_k_aa; na_ind_obp_aa; na_ind_slg_aa; na_ind_ops_aa; na_ind_iso_aa; na_ind_spd_aa; na_ind_babip_aa; na_ind_w_rc_aa; na_ind_w_raa_aa; na_ind_w_oba_aa; na_ind_w_rc_2_aa; na_ind_w_bs_r_aa; na_ind_gb_percent_aa; na_ind_ld_percent_aa; na_ind_fb_percent_aa; na_ind_iffb_percent_aa; na_ind_hr_fb_aa; na_ind_gb_fb_aa; na_ind_oppo_percent_aa; na_ind_pull_percent_aa; na_ind_cent_percent_aa; na_ind_balls_aa; na_ind_strikes_aa; na_ind_pitches_aa; na_ind_sw_str_percent_aa; na_ind_min_age_aa; na_ind_g_ha; na_ind_ab_ha; na_ind_pa_ha; na_ind_h_ha; na_ind_x1b_ha; na_ind_x2b_ha; na_ind_x3b_ha; na_ind_hr_ha; na_ind_r_ha; na_ind_rbi_ha; na_ind_bb_ha; na_ind_ibb_ha; na_ind_so_ha; na_ind_hbp_ha; na_ind_sf_ha; na_ind_sh_ha; na_ind_gdp_ha; na_ind_sb_ha; na_ind_cs_ha; na_ind_avg_ha; na_ind_bb_percent_ha; na_ind_k_percent_ha; na_ind_bb_k_ha; na_ind_obp_ha; na_ind_slg_ha; na_ind_ops_ha; na_ind_iso_ha; na_ind_spd_ha; na_ind_babip_ha; na_ind_w_rc_ha; na_ind_w_raa_ha; na_ind_w_oba_ha; na_ind_w_rc_2_ha; na_ind_w_bs_r_ha; na_ind_gb_percent_ha; na_ind_ld_percent_ha; na_ind_fb_percent_ha; na_ind_iffb_percent_ha; na_ind_hr_fb_ha; na_ind_gb_fb_ha; na_ind_oppo_percent_ha; na_ind_pull_percent_ha; na_ind_cent_percent_ha; na_ind_balls_ha; na_ind_strikes_ha; na_ind_pitches_ha; na_ind_sw_str_percent_ha; na_ind_min_age_ha; na_ind_g_la; na_ind_ab_la; na_ind_pa_la; na_ind_h_la; na_ind_x1b_la; na_ind_x2b_la; na_ind_x3b_la; na_ind_hr_la; na_ind_r_la; na_ind_rbi_la; na_ind_bb_la; na_ind_ibb_la; na_ind_so_la; na_ind_hbp_la; na_ind_sf_la; na_ind_sh_la; na_ind_gdp_la; na_ind_sb_la; na_ind_cs_la; na_ind_avg_la; na_ind_bb_percent_la; na_ind_k_percent_la; na_ind_bb_k_la; na_ind_obp_la; na_ind_slg_la; na_ind_ops_la; na_ind_iso_la; na_ind_spd_la; na_ind_babip_la; na_ind_w_rc_la; na_ind_w_raa_la; na_ind_w_oba_la; na_ind_w_rc_2_la; na_ind_w_bs_r_la; na_ind_gb_percent_la; na_ind_ld_percent_la; na_ind_fb_percent_la; na_ind_iffb_percent_la; na_ind_hr_fb_la; na_ind_gb_fb_la; na_ind_oppo_percent_la; na_ind_pull_percent_la; na_ind_cent_percent_la; na_ind_balls_la; na_ind_strikes_la; na_ind_pitches_la; na_ind_sw_str_percent_la; na_ind_min_age_la; na_ind_g_r; na_ind_ab_r; na_ind_pa_r; na_ind_h_r; na_ind_x1b_r; na_ind_x2b_r; na_ind_x3b_r; na_ind_hr_r; na_ind_r_r; na_ind_rbi_r; na_ind_bb_r; na_ind_ibb_r; na_ind_so_r; na_ind_hbp_r; na_ind_sf_r; na_ind_sh_r; na_ind_gdp_r; na_ind_sb_r; na_ind_cs_r; na_ind_avg_r; na_ind_bb_percent_r; na_ind_k_percent_r; na_ind_bb_k_r; na_ind_obp_r; na_ind_slg_r; na_ind_ops_r; na_ind_iso_r; na_ind_spd_r; na_ind_babip_r; na_ind_w_rc_r; na_ind_w_raa_r; na_ind_w_oba_r; na_ind_w_rc_2_r; na_ind_w_bs_r_r; na_ind_gb_percent_r; na_ind_ld_percent_r; na_ind_fb_percent_r; na_ind_iffb_percent_r; na_ind_hr_fb_r; na_ind_gb_fb_r; na_ind_oppo_percent_r; na_ind_pull_percent_r; na_ind_cent_percent_r; na_ind_balls_r; na_ind_strikes_r; na_ind_pitches_r; na_ind_sw_str_percent_r; na_ind_min_age_r; na_ind_upper_minors_wrc; na_ind_upper_minors_ops; na_ind_upper_minors_bb_k; na_ind_upper_minors_bb; na_ind_upper_minors_k; na_ind_upper_minors_swstr; na_ind_upper_minors_babip; na_ind_upper_minors_iso; na_ind_upper_minors_hr_fb; na_ind_upper_minors_fb; na_ind_upper_minors_power_shape; na_ind_upper_minors_bb_minus_k; na_ind_upper_minors_age; na_ind_upper_minors_wrc_per_age; na_ind_upper_minors_ops_per_age; na_ind_upper_minors_bb_per_age; na_ind_upper_minors_k_per_age; na_ind_upper_minors_swstr_per_age; na_ind_upper_minors_babip_per_age; na_ind_upper_minors_iso_per_age; na_ind_upper_minors_hr_fb_per_age; na_ind_upper_minors_fb_per_age; na_ind_upper_minors_power_shape_per_age; na_ind_upper_minors_bb_minus_k_per_age; na_ind_aa_aaa_hr_fb_delta; na_ind_aa_aaa_fb_delta; na_ind_aa_aaa_power_shape_delta; na_ind_aa_aaa_bb_minus_k_delta; na_ind_aa_aaa_wrc_per_age_delta; na_ind_aa_aaa_ops_per_age_delta; na_ind_aa_aaa_wrc_delta; na_ind_aa_aaa_iso_delta; na_ind_aa_aaa_bb_delta; na_ind_aa_aaa_k_delta; na_ind_aa_aaa_age_delta; na_ind_aa_aaa_pa_delta; na_ind_aa_aaa_ops_delta; na_ind_log_iso_aa; na_ind_log_iso_aaa; na_ind_log_hr_aa; na_ind_log_hr_aaa; na_ind_log_fb_aa; na_ind_log_fb_aaa; na_ind_la_ha_iso_delta; na_ind_la_ha_hr_fb_delta; na_ind_la_ha_fb_delta; na_ind_la_ha_power_shape_delta; na_ind_la_ha_bb_minus_k_delta; na_ind_la_ha_wrc_delta; na_ind_la_ha_ops_delta; na_ind_la_ha_wrc_per_age_delta; na_ind_upper_power_spectrum; na_ind_upper_control_spectrum; na_ind_upper_wrc_premium; na_ind_upper_power_corner; na_ind_upper_wrc_c; na_ind_upper_wrc_ss_cf; na_ind_upper_power_1b; success
56,best log-lowA and upper defensive spectrum feature set with downsampling,0.820807,2026-05-10T00:00:00Z,g_aaa; ab_aaa; pa_aaa; h_aaa; x1b_aaa; x2b_aaa; x3b_aaa; hr_aaa; r_aaa; rbi_aaa; bb_aaa; ibb_aaa; so_aaa; hbp_aaa; sf_aaa; sh_aaa; gdp_aaa; sb_aaa; cs_aaa; avg_aaa; bb_percent_aaa; k_percent_aaa; bb_k_aaa; obp_aaa; slg_aaa; ops_aaa; iso_aaa; spd_aaa; babip_aaa; w_rc_aaa; w_raa_aaa; w_oba_aaa; w_rc_2_aaa; w_bs_r_aaa; gb_percent_aaa; ld_percent_aaa; fb_percent_aaa; iffb_percent_aaa; hr_fb_aaa; gb_fb_aaa; oppo_percent_aaa; pull_percent_aaa; cent_percent_aaa; balls_aaa; strikes_aaa; pitches_aaa; sw_str_percent_aaa; min_age_aaa; g_aa; ab_aa; pa_aa; h_aa; x1b_aa; x2b_aa; x3b_aa; hr_aa; r_aa; rbi_aa; bb_aa; ibb_aa; so_aa; hbp_aa; sf_aa; sh_aa; gdp_aa; sb_aa; cs_aa; avg_aa; bb_percent_aa; k_percent_aa; bb_k_aa; obp_aa; slg_aa; ops_aa; iso_aa; spd_aa; babip_aa; w_rc_aa; w_raa_aa; w_oba_aa; w_rc_2_aa; w_bs_r_aa; gb_percent_aa; ld_percent_aa; fb_percent_aa; iffb_percent_aa; hr_fb_aa; gb_fb_aa; oppo_percent_aa; pull_percent_aa; cent_percent_aa; balls_aa; strikes_aa; pitches_aa; sw_str_percent_aa; min_age_aa; g_ha; ab_ha; pa_ha; h_ha; x1b_ha; x2b_ha; x3b_ha; hr_ha; r_ha; rbi_ha; bb_ha; ibb_ha; so_ha; hbp_ha; sf_ha; sh_ha; gdp_ha; sb_ha; cs_ha; avg_ha; bb_percent_ha; k_percent_ha; bb_k_ha; obp_ha; slg_ha; ops_ha; iso_ha; spd_ha; babip_ha; w_rc_ha; w_raa_ha; w_oba_ha; w_rc_2_ha; w_bs_r_ha; gb_percent_ha; ld_percent_ha; fb_percent_ha; iffb_percent_ha; hr_fb_ha; gb_fb_ha; oppo_percent_ha; pull_percent_ha; cent_percent_ha; balls_ha; strikes_ha; pitches_ha; sw_str_percent_ha; min_age_ha; g_la; ab_la; pa_la; h_la; x1b_la; x2b_la; x3b_la; hr_la; r_la; rbi_la; bb_la; ibb_la; so_la; hbp_la; sf_la; sh_la; gdp_la; sb_la; cs_la; avg_la; bb_percent_la; k_percent_la; bb_k_la; obp_la; slg_la; ops_la; iso_la; spd_la; babip_la; w_rc_la; w_raa_la; w_oba_la; w_rc_2_la; w_bs_r_la; gb_percent_la; ld_percent_la; fb_percent_la; iffb_percent_la; hr_fb_la; gb_fb_la; oppo_percent_la; pull_percent_la; cent_percent_la; balls_la; strikes_la; pitches_la; sw_str_percent_la; min_age_la; g_r; ab_r; pa_r; h_r; x1b_r; x2b_r; x3b_r; hr_r; r_r; rbi_r; bb_r; ibb_r; so_r; hbp_r; sf_r; sh_r; gdp_r; sb_r; cs_r; avg_r; bb_percent_r; k_percent_r; bb_k_r; obp_r; slg_r; ops_r; iso_r; spd_r; babip_r; w_rc_r; w_raa_r; w_oba_r; w_rc_2_r; w_bs_r_r; gb_percent_r; ld_percent_r; fb_percent_r; iffb_percent_r; hr_fb_r; gb_fb_r; oppo_percent_r; pull_percent_r; cent_percent_r; balls_r; strikes_r; pitches_r; sw_str_percent_r; min_age_r; success; upper_minors_wrc; upper_minors_ops; upper_minors_bb_k; upper_minors_bb; upper_minors_k; upper_minors_swstr; upper_minors_babip; upper_minors_iso; upper_minors_hr_fb; upper_minors_fb; upper_minors_power_shape; upper_minors_bb_minus_k; upper_minors_age; upper_minors_wrc_per_age; upper_minors_ops_per_age; upper_minors_bb_per_age; upper_minors_k_per_age; upper_minors_swstr_per_age; upper_minors_babip_per_age; upper_minors_iso_per_age; upper_minors_hr_fb_per_age; upper_minors_fb_per_age; upper_minors_power_shape_per_age; upper_minors_bb_minus_k_per_age; aa_aaa_hr_fb_delta; aa_aaa_fb_delta; aa_aaa_power_shape_delta; aa_aaa_bb_minus_k_delta; aa_aaa_wrc_per_age_delta; aa_aaa_ops_per_age_delta; aa_aaa_wrc_delta; aa_aaa_iso_delta; aa_aaa_bb_delta; aa_aaa_k_delta; aa_aaa_age_delta; aa_aaa_pa_delta; aa_aaa_ops_delta; log_iso_aa; log_iso_aaa; log_hr_aa; log_hr_aaa; log_fb_aa; log_fb_aaa; la_ha_iso_delta; la_ha_hr_fb_delta; la_ha_fb_delta; la_ha_power_shape_delta; la_ha_bb_minus_k_delta; la_ha_wrc_delta; la_ha_ops_delta; la_ha_wrc_per_age_delta; upper_def_inn; upper_premium_inn; upper_corner_inn; upper_infield_inn; upper_outfield_inn; upper_premium_share; upper_corner_share; upper_infield_share; upper_outfield_share; upper_spectrum_score; upper_chances; upper_range_factor_9; upper_power_spectrum; upper_control_spectrum; upper_wrc_premium; upper_power_corner; na_ind_g_aaa; na_ind_ab_aaa; na_ind_pa_aaa; na_ind_h_aaa; na_ind_x1b_aaa; na_ind_x2b_aaa; na_ind_x3b_aaa; na_ind_hr_aaa; na_ind_r_aaa; na_ind_rbi_aaa; na_ind_bb_aaa; na_ind_ibb_aaa; na_ind_so_aaa; na_ind_hbp_aaa; na_ind_sf_aaa; na_ind_sh_aaa; na_ind_gdp_aaa; na_ind_sb_aaa; na_ind_cs_aaa; na_ind_avg_aaa; na_ind_bb_percent_aaa; na_ind_k_percent_aaa; na_ind_bb_k_aaa; na_ind_obp_aaa; na_ind_slg_aaa; na_ind_ops_aaa; na_ind_iso_aaa; na_ind_spd_aaa; na_ind_babip_aaa; na_ind_w_rc_aaa; na_ind_w_raa_aaa; na_ind_w_oba_aaa; na_ind_w_rc_2_aaa; na_ind_w_bs_r_aaa; na_ind_gb_percent_aaa; na_ind_ld_percent_aaa; na_ind_fb_percent_aaa; na_ind_iffb_percent_aaa; na_ind_hr_fb_aaa; na_ind_gb_fb_aaa; na_ind_oppo_percent_aaa; na_ind_pull_percent_aaa; na_ind_cent_percent_aaa; na_ind_balls_aaa; na_ind_strikes_aaa; na_ind_pitches_aaa; na_ind_sw_str_percent_aaa; na_ind_min_age_aaa; na_ind_g_aa; na_ind_ab_aa; na_ind_pa_aa; na_ind_h_aa; na_ind_x1b_aa; na_ind_x2b_aa; na_ind_x3b_aa; na_ind_hr_aa; na_ind_r_aa; na_ind_rbi_aa; na_ind_bb_aa; na_ind_ibb_aa; na_ind_so_aa; na_ind_hbp_aa; na_ind_sf_aa; na_ind_sh_aa; na_ind_gdp_aa; na_ind_sb_aa; na_ind_cs_aa; na_ind_avg_aa; na_ind_bb_percent_aa; na_ind_k_percent_aa; na_ind_bb_k_aa; na_ind_obp_aa; na_ind_slg_aa; na_ind_ops_aa; na_ind_iso_aa; na_ind_spd_aa; na_ind_babip_aa; na_ind_w_rc_aa; na_ind_w_raa_aa; na_ind_w_oba_aa; na_ind_w_rc_2_aa; na_ind_w_bs_r_aa; na_ind_gb_percent_aa; na_ind_ld_percent_aa; na_ind_fb_percent_aa; na_ind_iffb_percent_aa; na_ind_hr_fb_aa; na_ind_gb_fb_aa; na_ind_oppo_percent_aa; na_ind_pull_percent_aa; na_ind_cent_percent_aa; na_ind_balls_aa; na_ind_strikes_aa; na_ind_pitches_aa; na_ind_sw_str_percent_aa; na_ind_min_age_aa; na_ind_g_ha; na_ind_ab_ha; na_ind_pa_ha; na_ind_h_ha; na_ind_x1b_ha; na_ind_x2b_ha; na_ind_x3b_ha; na_ind_hr_ha; na_ind_r_ha; na_ind_rbi_ha; na_ind_bb_ha; na_ind_ibb_ha; na_ind_so_ha; na_ind_hbp_ha; na_ind_sf_ha; na_ind_sh_ha; na_ind_gdp_ha; na_ind_sb_ha; na_ind_cs_ha; na_ind_avg_ha; na_ind_bb_percent_ha; na_ind_k_percent_ha; na_ind_bb_k_ha; na_ind_obp_ha; na_ind_slg_ha; na_ind_ops_ha; na_ind_iso_ha; na_ind_spd_ha; na_ind_babip_ha; na_ind_w_rc_ha; na_ind_w_raa_ha; na_ind_w_oba_ha; na_ind_w_rc_2_ha; na_ind_w_bs_r_ha; na_ind_gb_percent_ha; na_ind_ld_percent_ha; na_ind_fb_percent_ha; na_ind_iffb_percent_ha; na_ind_hr_fb_ha; na_ind_gb_fb_ha; na_ind_oppo_percent_ha; na_ind_pull_percent_ha; na_ind_cent_percent_ha; na_ind_balls_ha; na_ind_strikes_ha; na_ind_pitches_ha; na_ind_sw_str_percent_ha; na_ind_min_age_ha; na_ind_g_la; na_ind_ab_la; na_ind_pa_la; na_ind_h_la; na_ind_x1b_la; na_ind_x2b_la; na_ind_x3b_la; na_ind_hr_la; na_ind_r_la; na_ind_rbi_la; na_ind_bb_la; na_ind_ibb_la; na_ind_so_la; na_ind_hbp_la; na_ind_sf_la; na_ind_sh_la; na_ind_gdp_la; na_ind_sb_la; na_ind_cs_la; na_ind_avg_la; na_ind_bb_percent_la; na_ind_k_percent_la; na_ind_bb_k_la; na_ind_obp_la; na_ind_slg_la; na_ind_ops_la; na_ind_iso_la; na_ind_spd_la; na_ind_babip_la; na_ind_w_rc_la; na_ind_w_raa_la; na_ind_w_oba_la; na_ind_w_rc_2_la; na_ind_w_bs_r_la; na_ind_gb_percent_la; na_ind_ld_percent_la; na_ind_fb_percent_la; na_ind_iffb_percent_la; na_ind_hr_fb_la; na_ind_gb_fb_la; na_ind_oppo_percent_la; na_ind_pull_percent_la; na_ind_cent_percent_la; na_ind_balls_la; na_ind_strikes_la; na_ind_pitches_la; na_ind_sw_str_percent_la; na_ind_min_age_la; na_ind_g_r; na_ind_ab_r; na_ind_pa_r; na_ind_h_r; na_ind_x1b_r; na_ind_x2b_r; na_ind_x3b_r; na_ind_hr_r; na_ind_r_r; na_ind_rbi_r; na_ind_bb_r; na_ind_ibb_r; na_ind_so_r; na_ind_hbp_r; na_ind_sf_r; na_ind_sh_r; na_ind_gdp_r; na_ind_sb_r; na_ind_cs_r; na_ind_avg_r; na_ind_bb_percent_r; na_ind_k_percent_r; na_ind_bb_k_r; na_ind_obp_r; na_ind_slg_r; na_ind_ops_r; na_ind_iso_r; na_ind_spd_r; na_ind_babip_r; na_ind_w_rc_r; na_ind_w_raa_r; na_ind_w_oba_r; na_ind_w_rc_2_r; na_ind_w_bs_r_r; na_ind_gb_percent_r; na_ind_ld_percent_r; na_ind_fb_percent_r; na_ind_iffb_percent_r; na_ind_hr_fb_r; na_ind_gb_fb_r; na_ind_oppo_percent_r; na_ind_pull_percent_r; na_ind_cent_percent_r; na_ind_balls_r; na_ind_strikes_r; na_ind_pitches_r; na_ind_sw_str_percent_r; na_ind_min_age_r; na_ind_upper_minors_wrc; na_ind_upper_minors_ops; na_ind_upper_minors_bb_k; na_ind_upper_minors_bb; na_ind_upper_minors_k; na_ind_upper_minors_swstr; na_ind_upper_minors_babip; na_ind_upper_minors_iso; na_ind_upper_minors_hr_fb; na_ind_upper_minors_fb; na_ind_upper_minors_power_shape; na_ind_upper_minors_bb_minus_k; na_ind_upper_minors_age; na_ind_upper_minors_wrc_per_age; na_ind_upper_minors_ops_per_age; na_ind_upper_minors_bb_per_age; na_ind_upper_minors_k_per_age; na_ind_upper_minors_swstr_per_age; na_ind_upper_minors_babip_per_age; na_ind_upper_minors_iso_per_age; na_ind_upper_minors_hr_fb_per_age; na_ind_upper_minors_fb_per_age; na_ind_upper_minors_power_shape_per_age; na_ind_upper_minors_bb_minus_k_per_age; na_ind_aa_aaa_hr_fb_delta; na_ind_aa_aaa_fb_delta; na_ind_aa_aaa_power_shape_delta; na_ind_aa_aaa_bb_minus_k_delta; na_ind_aa_aaa_wrc_per_age_delta; na_ind_aa_aaa_ops_per_age_delta; na_ind_aa_aaa_wrc_delta; na_ind_aa_aaa_iso_delta; na_ind_aa_aaa_bb_delta; na_ind_aa_aaa_k_delta; na_ind_aa_aaa_age_delta; na_ind_aa_aaa_pa_delta; na_ind_aa_aaa_ops_delta; na_ind_log_iso_aa; na_ind_log_iso_aaa; na_ind_log_hr_aa; na_ind_log_hr_aaa; na_ind_log_fb_aa; na_ind_log_fb_aaa; na_ind_la_ha_iso_delta; na_ind_la_ha_hr_fb_delta; na_ind_la_ha_fb_delta; na_ind_la_ha_power_shape_delta; na_ind_la_ha_bb_minus_k_delta; na_ind_la_ha_wrc_delta; na_ind_la_ha_ops_delta; na_ind_la_ha_wrc_per_age_delta; na_ind_upper_power_spectrum; na_ind_upper_control_spectrum; na_ind_upper_wrc_premium; na_ind_upper_power_corner
57,add HighA-to-AA power discipline and age-adjusted progression to best smote recipe,0.838531,2026-05-10T00:00:00Z,g_aaa; ab_aaa; pa_aaa; h_aaa; x1b_aaa; x2b_aaa; x3b_aaa; hr_aaa; r_aaa; rbi_aaa; bb_aaa; ibb_aaa; so_aaa; hbp_aaa; sf_aaa; sh_aaa; gdp_aaa; sb_aaa; cs_aaa; avg_aaa; bb_percent_aaa; k_percent_aaa; bb_k_aaa; obp_aaa; slg_aaa; ops_aaa; iso_aaa; spd_aaa; babip_aaa; w_rc_aaa; w_raa_aaa; w_oba_aaa; w_rc_2_aaa; w_bs_r_aaa; gb_percent_aaa; ld_percent_aaa; fb_percent_aaa; iffb_percent_aaa; hr_fb_aaa; gb_fb_aaa; oppo_percent_aaa; pull_percent_aaa; cent_percent_aaa; balls_aaa; strikes_aaa; pitches_aaa; sw_str_percent_aaa; min_age_aaa; g_aa; ab_aa; pa_aa; h_aa; x1b_aa; x2b_aa; x3b_aa; hr_aa; r_aa; rbi_aa; bb_aa; ibb_aa; so_aa; hbp_aa; sf_aa; sh_aa; gdp_aa; sb_aa; cs_aa; avg_aa; bb_percent_aa; k_percent_aa; bb_k_aa; obp_aa; slg_aa; ops_aa; iso_aa; spd_aa; babip_aa; w_rc_aa; w_raa_aa; w_oba_aa; w_rc_2_aa; w_bs_r_aa; gb_percent_aa; ld_percent_aa; fb_percent_aa; iffb_percent_aa; hr_fb_aa; gb_fb_aa; oppo_percent_aa; pull_percent_aa; cent_percent_aa; balls_aa; strikes_aa; pitches_aa; sw_str_percent_aa; min_age_aa; g_ha; ab_ha; pa_ha; h_ha; x1b_ha; x2b_ha; x3b_ha; hr_ha; r_ha; rbi_ha; bb_ha; ibb_ha; so_ha; hbp_ha; sf_ha; sh_ha; gdp_ha; sb_ha; cs_ha; avg_ha; bb_percent_ha; k_percent_ha; bb_k_ha; obp_ha; slg_ha; ops_ha; iso_ha; spd_ha; babip_ha; w_rc_ha; w_raa_ha; w_oba_ha; w_rc_2_ha; w_bs_r_ha; gb_percent_ha; ld_percent_ha; fb_percent_ha; iffb_percent_ha; hr_fb_ha; gb_fb_ha; oppo_percent_ha; pull_percent_ha; cent_percent_ha; balls_ha; strikes_ha; pitches_ha; sw_str_percent_ha; min_age_ha; g_la; ab_la; pa_la; h_la; x1b_la; x2b_la; x3b_la; hr_la; r_la; rbi_la; bb_la; ibb_la; so_la; hbp_la; sf_la; sh_la; gdp_la; sb_la; cs_la; avg_la; bb_percent_la; k_percent_la; bb_k_la; obp_la; slg_la; ops_la; iso_la; spd_la; babip_la; w_rc_la; w_raa_la; w_oba_la; w_rc_2_la; w_bs_r_la; gb_percent_la; ld_percent_la; fb_percent_la; iffb_percent_la; hr_fb_la; gb_fb_la; oppo_percent_la; pull_percent_la; cent_percent_la; balls_la; strikes_la; pitches_la; sw_str_percent_la; min_age_la; g_r; ab_r; pa_r; h_r; x1b_r; x2b_r; x3b_r; hr_r; r_r; rbi_r; bb_r; ibb_r; so_r; hbp_r; sf_r; sh_r; gdp_r; sb_r; cs_r; avg_r; bb_percent_r; k_percent_r; bb_k_r; obp_r; slg_r; ops_r; iso_r; spd_r; babip_r; w_rc_r; w_raa_r; w_oba_r; w_rc_2_r; w_bs_r_r; gb_percent_r; ld_percent_r; fb_percent_r; iffb_percent_r; hr_fb_r; gb_fb_r; oppo_percent_r; pull_percent_r; cent_percent_r; balls_r; strikes_r; pitches_r; sw_str_percent_r; min_age_r; upper_minors_wrc; upper_minors_ops; upper_minors_bb_k; upper_minors_bb; upper_minors_k; upper_minors_swstr; upper_minors_babip; upper_minors_iso; upper_minors_hr_fb; upper_minors_fb; upper_minors_power_shape; upper_minors_bb_minus_k; upper_minors_age; upper_minors_wrc_per_age; upper_minors_ops_per_age; upper_minors_bb_per_age; upper_minors_k_per_age; upper_minors_swstr_per_age; upper_minors_babip_per_age; upper_minors_iso_per_age; upper_minors_hr_fb_per_age; upper_minors_fb_per_age; upper_minors_power_shape_per_age; upper_minors_bb_minus_k_per_age; aa_aaa_hr_fb_delta; aa_aaa_fb_delta; aa_aaa_power_shape_delta; aa_aaa_bb_minus_k_delta; aa_aaa_wrc_per_age_delta; aa_aaa_ops_per_age_delta; aa_aaa_wrc_delta; aa_aaa_iso_delta; aa_aaa_bb_delta; aa_aaa_k_delta; aa_aaa_age_delta; aa_aaa_pa_delta; aa_aaa_ops_delta; log_iso_aa; log_iso_aaa; log_hr_aa; log_hr_aaa; log_fb_aa; log_fb_aaa; la_ha_iso_delta; la_ha_hr_fb_delta; la_ha_fb_delta; la_ha_power_shape_delta; la_ha_bb_minus_k_delta; la_ha_wrc_delta; la_ha_ops_delta; la_ha_wrc_per_age_delta; ha_aa_iso_delta; ha_aa_hr_fb_delta; ha_aa_fb_delta; ha_aa_power_shape_delta; ha_aa_bb_minus_k_delta; ha_aa_wrc_delta; ha_aa_ops_delta; ha_aa_wrc_per_age_delta; upper_def_inn; upper_premium_inn; upper_corner_inn; upper_infield_inn; upper_outfield_inn; upper_premium_share; upper_corner_share; upper_infield_share; upper_outfield_share; upper_spectrum_score; upper_chances; upper_range_factor_9; upper_power_spectrum; upper_control_spectrum; upper_wrc_premium; upper_power_corner; na_ind_g_aaa; na_ind_ab_aaa; na_ind_pa_aaa; na_ind_h_aaa; na_ind_x1b_aaa; na_ind_x2b_aaa; na_ind_x3b_aaa; na_ind_hr_aaa; na_ind_r_aaa; na_ind_rbi_aaa; na_ind_bb_aaa; na_ind_ibb_aaa; na_ind_so_aaa; na_ind_hbp_aaa; na_ind_sf_aaa; na_ind_sh_aaa; na_ind_gdp_aaa; na_ind_sb_aaa; na_ind_cs_aaa; na_ind_avg_aaa; na_ind_bb_percent_aaa; na_ind_k_percent_aaa; na_ind_bb_k_aaa; na_ind_obp_aaa; na_ind_slg_aaa; na_ind_ops_aaa; na_ind_iso_aaa; na_ind_spd_aaa; na_ind_babip_aaa; na_ind_w_rc_aaa; na_ind_w_raa_aaa; na_ind_w_oba_aaa; na_ind_w_rc_2_aaa; na_ind_w_bs_r_aaa; na_ind_gb_percent_aaa; na_ind_ld_percent_aaa; na_ind_fb_percent_aaa; na_ind_iffb_percent_aaa; na_ind_hr_fb_aaa; na_ind_gb_fb_aaa; na_ind_oppo_percent_aaa; na_ind_pull_percent_aaa; na_ind_cent_percent_aaa; na_ind_balls_aaa; na_ind_strikes_aaa; na_ind_pitches_aaa; na_ind_sw_str_percent_aaa; na_ind_min_age_aaa; na_ind_g_aa; na_ind_ab_aa; na_ind_pa_aa; na_ind_h_aa; na_ind_x1b_aa; na_ind_x2b_aa; na_ind_x3b_aa; na_ind_hr_aa; na_ind_r_aa; na_ind_rbi_aa; na_ind_bb_aa; na_ind_ibb_aa; na_ind_so_aa; na_ind_hbp_aa; na_ind_sf_aa; na_ind_sh_aa; na_ind_gdp_aa; na_ind_sb_aa; na_ind_cs_aa; na_ind_avg_aa; na_ind_bb_percent_aa; na_ind_k_percent_aa; na_ind_bb_k_aa; na_ind_obp_aa; na_ind_slg_aa; na_ind_ops_aa; na_ind_iso_aa; na_ind_spd_aa; na_ind_babip_aa; na_ind_w_rc_aa; na_ind_w_raa_aa; na_ind_w_oba_aa; na_ind_w_rc_2_aa; na_ind_w_bs_r_aa; na_ind_gb_percent_aa; na_ind_ld_percent_aa; na_ind_fb_percent_aa; na_ind_iffb_percent_aa; na_ind_hr_fb_aa; na_ind_gb_fb_aa; na_ind_oppo_percent_aa; na_ind_pull_percent_aa; na_ind_cent_percent_aa; na_ind_balls_aa; na_ind_strikes_aa; na_ind_pitches_aa; na_ind_sw_str_percent_aa; na_ind_min_age_aa; na_ind_g_ha; na_ind_ab_ha; na_ind_pa_ha; na_ind_h_ha; na_ind_x1b_ha; na_ind_x2b_ha; na_ind_x3b_ha; na_ind_hr_ha; na_ind_r_ha; na_ind_rbi_ha; na_ind_bb_ha; na_ind_ibb_ha; na_ind_so_ha; na_ind_hbp_ha; na_ind_sf_ha; na_ind_sh_ha; na_ind_gdp_ha; na_ind_sb_ha; na_ind_cs_ha; na_ind_avg_ha; na_ind_bb_percent_ha; na_ind_k_percent_ha; na_ind_bb_k_ha; na_ind_obp_ha; na_ind_slg_ha; na_ind_ops_ha; na_ind_iso_ha; na_ind_spd_ha; na_ind_babip_ha; na_ind_w_rc_ha; na_ind_w_raa_ha; na_ind_w_oba_ha; na_ind_w_rc_2_ha; na_ind_w_bs_r_ha; na_ind_gb_percent_ha; na_ind_ld_percent_ha; na_ind_fb_percent_ha; na_ind_iffb_percent_ha; na_ind_hr_fb_ha; na_ind_gb_fb_ha; na_ind_oppo_percent_ha; na_ind_pull_percent_ha; na_ind_cent_percent_ha; na_ind_balls_ha; na_ind_strikes_ha; na_ind_pitches_ha; na_ind_sw_str_percent_ha; na_ind_min_age_ha; na_ind_g_la; na_ind_ab_la; na_ind_pa_la; na_ind_h_la; na_ind_x1b_la; na_ind_x2b_la; na_ind_x3b_la; na_ind_hr_la; na_ind_r_la; na_ind_rbi_la; na_ind_bb_la; na_ind_ibb_la; na_ind_so_la; na_ind_hbp_la; na_ind_sf_la; na_ind_sh_la; na_ind_gdp_la; na_ind_sb_la; na_ind_cs_la; na_ind_avg_la; na_ind_bb_percent_la; na_ind_k_percent_la; na_ind_bb_k_la; na_ind_obp_la; na_ind_slg_la; na_ind_ops_la; na_ind_iso_la; na_ind_spd_la; na_ind_babip_la; na_ind_w_rc_la; na_ind_w_raa_la; na_ind_w_oba_la; na_ind_w_rc_2_la; na_ind_w_bs_r_la; na_ind_gb_percent_la; na_ind_ld_percent_la; na_ind_fb_percent_la; na_ind_iffb_percent_la; na_ind_hr_fb_la; na_ind_gb_fb_la; na_ind_oppo_percent_la; na_ind_pull_percent_la; na_ind_cent_percent_la; na_ind_balls_la; na_ind_strikes_la; na_ind_pitches_la; na_ind_sw_str_percent_la; na_ind_min_age_la; na_ind_g_r; na_ind_ab_r; na_ind_pa_r; na_ind_h_r; na_ind_x1b_r; na_ind_x2b_r; na_ind_x3b_r; na_ind_hr_r; na_ind_r_r; na_ind_rbi_r; na_ind_bb_r; na_ind_ibb_r; na_ind_so_r; na_ind_hbp_r; na_ind_sf_r; na_ind_sh_r; na_ind_gdp_r; na_ind_sb_r; na_ind_cs_r; na_ind_avg_r; na_ind_bb_percent_r; na_ind_k_percent_r; na_ind_bb_k_r; na_ind_obp_r; na_ind_slg_r; na_ind_ops_r; na_ind_iso_r; na_ind_spd_r; na_ind_babip_r; na_ind_w_rc_r; na_ind_w_raa_r; na_ind_w_oba_r; na_ind_w_rc_2_r; na_ind_w_bs_r_r; na_ind_gb_percent_r; na_ind_ld_percent_r; na_ind_fb_percent_r; na_ind_iffb_percent_r; na_ind_hr_fb_r; na_ind_gb_fb_r; na_ind_oppo_percent_r; na_ind_pull_percent_r; na_ind_cent_percent_r; na_ind_balls_r; na_ind_strikes_r; na_ind_pitches_r; na_ind_sw_str_percent_r; na_ind_min_age_r; na_ind_upper_minors_wrc; na_ind_upper_minors_ops; na_ind_upper_minors_bb_k; na_ind_upper_minors_bb; na_ind_upper_minors_k; na_ind_upper_minors_swstr; na_ind_upper_minors_babip; na_ind_upper_minors_iso; na_ind_upper_minors_hr_fb; na_ind_upper_minors_fb; na_ind_upper_minors_power_shape; na_ind_upper_minors_bb_minus_k; na_ind_upper_minors_age; na_ind_upper_minors_wrc_per_age; na_ind_upper_minors_ops_per_age; na_ind_upper_minors_bb_per_age; na_ind_upper_minors_k_per_age; na_ind_upper_minors_swstr_per_age; na_ind_upper_minors_babip_per_age; na_ind_upper_minors_iso_per_age; na_ind_upper_minors_hr_fb_per_age; na_ind_upper_minors_fb_per_age; na_ind_upper_minors_power_shape_per_age; na_ind_upper_minors_bb_minus_k_per_age; na_ind_aa_aaa_hr_fb_delta; na_ind_aa_aaa_fb_delta; na_ind_aa_aaa_power_shape_delta; na_ind_aa_aaa_bb_minus_k_delta; na_ind_aa_aaa_wrc_per_age_delta; na_ind_aa_aaa_ops_per_age_delta; na_ind_aa_aaa_wrc_delta; na_ind_aa_aaa_iso_delta; na_ind_aa_aaa_bb_delta; na_ind_aa_aaa_k_delta; na_ind_aa_aaa_age_delta; na_ind_aa_aaa_pa_delta; na_ind_aa_aaa_ops_delta; na_ind_log_iso_aa; na_ind_log_iso_aaa; na_ind_log_hr_aa; na_ind_log_hr_aaa; na_ind_log_fb_aa; na_ind_log_fb_aaa; na_ind_la_ha_iso_delta; na_ind_la_ha_hr_fb_delta; na_ind_la_ha_fb_delta; na_ind_la_ha_power_shape_delta; na_ind_la_ha_bb_minus_k_delta; na_ind_la_ha_wrc_delta; na_ind_la_ha_ops_delta; na_ind_la_ha_wrc_per_age_delta; na_ind_ha_aa_iso_delta; na_ind_ha_aa_hr_fb_delta; na_ind_ha_aa_fb_delta; na_ind_ha_aa_power_shape_delta; na_ind_ha_aa_bb_minus_k_delta; na_ind_ha_aa_wrc_delta; na_ind_ha_aa_ops_delta; na_ind_ha_aa_wrc_per_age_delta; na_ind_upper_power_spectrum; na_ind_upper_control_spectrum; na_ind_upper_wrc_premium; na_ind_upper_power_corner; success
58,add Rookie-to-LowA early power discipline and age-adjusted progression to best smote recipe,0.838587,2026-05-10T00:00:00Z,g_aaa; ab_aaa; pa_aaa; h_aaa; x1b_aaa; x2b_aaa; x3b_aaa; hr_aaa; r_aaa; rbi_aaa; bb_aaa; ibb_aaa; so_aaa; hbp_aaa; sf_aaa; sh_aaa; gdp_aaa; sb_aaa; cs_aaa; avg_aaa; bb_percent_aaa; k_percent_aaa; bb_k_aaa; obp_aaa; slg_aaa; ops_aaa; iso_aaa; spd_aaa; babip_aaa; w_rc_aaa; w_raa_aaa; w_oba_aaa; w_rc_2_aaa; w_bs_r_aaa; gb_percent_aaa; ld_percent_aaa; fb_percent_aaa; iffb_percent_aaa; hr_fb_aaa; gb_fb_aaa; oppo_percent_aaa; pull_percent_aaa; cent_percent_aaa; balls_aaa; strikes_aaa; pitches_aaa; sw_str_percent_aaa; min_age_aaa; g_aa; ab_aa; pa_aa; h_aa; x1b_aa; x2b_aa; x3b_aa; hr_aa; r_aa; rbi_aa; bb_aa; ibb_aa; so_aa; hbp_aa; sf_aa; sh_aa; gdp_aa; sb_aa; cs_aa; avg_aa; bb_percent_aa; k_percent_aa; bb_k_aa; obp_aa; slg_aa; ops_aa; iso_aa; spd_aa; babip_aa; w_rc_aa; w_raa_aa; w_oba_aa; w_rc_2_aa; w_bs_r_aa; gb_percent_aa; ld_percent_aa; fb_percent_aa; iffb_percent_aa; hr_fb_aa; gb_fb_aa; oppo_percent_aa; pull_percent_aa; cent_percent_aa; balls_aa; strikes_aa; pitches_aa; sw_str_percent_aa; min_age_aa; g_ha; ab_ha; pa_ha; h_ha; x1b_ha; x2b_ha; x3b_ha; hr_ha; r_ha; rbi_ha; bb_ha; ibb_ha; so_ha; hbp_ha; sf_ha; sh_ha; gdp_ha; sb_ha; cs_ha; avg_ha; bb_percent_ha; k_percent_ha; bb_k_ha; obp_ha; slg_ha; ops_ha; iso_ha; spd_ha; babip_ha; w_rc_ha; w_raa_ha; w_oba_ha; w_rc_2_ha; w_bs_r_ha; gb_percent_ha; ld_percent_ha; fb_percent_ha; iffb_percent_ha; hr_fb_ha; gb_fb_ha; oppo_percent_ha; pull_percent_ha; cent_percent_ha; balls_ha; strikes_ha; pitches_ha; sw_str_percent_ha; min_age_ha; g_la; ab_la; pa_la; h_la; x1b_la; x2b_la; x3b_la; hr_la; r_la; rbi_la; bb_la; ibb_la; so_la; hbp_la; sf_la; sh_la; gdp_la; sb_la; cs_la; avg_la; bb_percent_la; k_percent_la; bb_k_la; obp_la; slg_la; ops_la; iso_la; spd_la; babip_la; w_rc_la; w_raa_la; w_oba_la; w_rc_2_la; w_bs_r_la; gb_percent_la; ld_percent_la; fb_percent_la; iffb_percent_la; hr_fb_la; gb_fb_la; oppo_percent_la; pull_percent_la; cent_percent_la; balls_la; strikes_la; pitches_la; sw_str_percent_la; min_age_la; g_r; ab_r; pa_r; h_r; x1b_r; x2b_r; x3b_r; hr_r; r_r; rbi_r; bb_r; ibb_r; so_r; hbp_r; sf_r; sh_r; gdp_r; sb_r; cs_r; avg_r; bb_percent_r; k_percent_r; bb_k_r; obp_r; slg_r; ops_r; iso_r; spd_r; babip_r; w_rc_r; w_raa_r; w_oba_r; w_rc_2_r; w_bs_r_r; gb_percent_r; ld_percent_r; fb_percent_r; iffb_percent_r; hr_fb_r; gb_fb_r; oppo_percent_r; pull_percent_r; cent_percent_r; balls_r; strikes_r; pitches_r; sw_str_percent_r; min_age_r; upper_minors_wrc; upper_minors_ops; upper_minors_bb_k; upper_minors_bb; upper_minors_k; upper_minors_swstr; upper_minors_babip; upper_minors_iso; upper_minors_hr_fb; upper_minors_fb; upper_minors_power_shape; upper_minors_bb_minus_k; upper_minors_age; upper_minors_wrc_per_age; upper_minors_ops_per_age; upper_minors_bb_per_age; upper_minors_k_per_age; upper_minors_swstr_per_age; upper_minors_babip_per_age; upper_minors_iso_per_age; upper_minors_hr_fb_per_age; upper_minors_fb_per_age; upper_minors_power_shape_per_age; upper_minors_bb_minus_k_per_age; aa_aaa_hr_fb_delta; aa_aaa_fb_delta; aa_aaa_power_shape_delta; aa_aaa_bb_minus_k_delta; aa_aaa_wrc_per_age_delta; aa_aaa_ops_per_age_delta; aa_aaa_wrc_delta; aa_aaa_iso_delta; aa_aaa_bb_delta; aa_aaa_k_delta; aa_aaa_age_delta; aa_aaa_pa_delta; aa_aaa_ops_delta; log_iso_aa; log_iso_aaa; log_hr_aa; log_hr_aaa; log_fb_aa; log_fb_aaa; la_ha_iso_delta; la_ha_hr_fb_delta; la_ha_fb_delta; la_ha_power_shape_delta; la_ha_bb_minus_k_delta; la_ha_wrc_delta; la_ha_ops_delta; la_ha_wrc_per_age_delta; r_la_iso_delta; r_la_hr_fb_delta; r_la_fb_delta; r_la_power_shape_delta; r_la_bb_minus_k_delta; r_la_wrc_delta; r_la_ops_delta; r_la_wrc_per_age_delta; ha_aa_iso_delta; ha_aa_hr_fb_delta; ha_aa_fb_delta; ha_aa_power_shape_delta; ha_aa_bb_minus_k_delta; ha_aa_wrc_delta; ha_aa_ops_delta; ha_aa_wrc_per_age_delta; upper_def_inn; upper_premium_inn; upper_corner_inn; upper_infield_inn; upper_outfield_inn; upper_premium_share; upper_corner_share; upper_infield_share; upper_outfield_share; upper_spectrum_score; upper_chances; upper_range_factor_9; upper_power_spectrum; upper_control_spectrum; upper_wrc_premium; upper_power_corner; na_ind_g_aaa; na_ind_ab_aaa; na_ind_pa_aaa; na_ind_h_aaa; na_ind_x1b_aaa; na_ind_x2b_aaa; na_ind_x3b_aaa; na_ind_hr_aaa; na_ind_r_aaa; na_ind_rbi_aaa; na_ind_bb_aaa; na_ind_ibb_aaa; na_ind_so_aaa; na_ind_hbp_aaa; na_ind_sf_aaa; na_ind_sh_aaa; na_ind_gdp_aaa; na_ind_sb_aaa; na_ind_cs_aaa; na_ind_avg_aaa; na_ind_bb_percent_aaa; na_ind_k_percent_aaa; na_ind_bb_k_aaa; na_ind_obp_aaa; na_ind_slg_aaa; na_ind_ops_aaa; na_ind_iso_aaa; na_ind_spd_aaa; na_ind_babip_aaa; na_ind_w_rc_aaa; na_ind_w_raa_aaa; na_ind_w_oba_aaa; na_ind_w_rc_2_aaa; na_ind_w_bs_r_aaa; na_ind_gb_percent_aaa; na_ind_ld_percent_aaa; na_ind_fb_percent_aaa; na_ind_iffb_percent_aaa; na_ind_hr_fb_aaa; na_ind_gb_fb_aaa; na_ind_oppo_percent_aaa; na_ind_pull_percent_aaa; na_ind_cent_percent_aaa; na_ind_balls_aaa; na_ind_strikes_aaa; na_ind_pitches_aaa; na_ind_sw_str_percent_aaa; na_ind_min_age_aaa; na_ind_g_aa; na_ind_ab_aa; na_ind_pa_aa; na_ind_h_aa; na_ind_x1b_aa; na_ind_x2b_aa; na_ind_x3b_aa; na_ind_hr_aa; na_ind_r_aa; na_ind_rbi_aa; na_ind_bb_aa; na_ind_ibb_aa; na_ind_so_aa; na_ind_hbp_aa; na_ind_sf_aa; na_ind_sh_aa; na_ind_gdp_aa; na_ind_sb_aa; na_ind_cs_aa; na_ind_avg_aa; na_ind_bb_percent_aa; na_ind_k_percent_aa; na_ind_bb_k_aa; na_ind_obp_aa; na_ind_slg_aa; na_ind_ops_aa; na_ind_iso_aa; na_ind_spd_aa; na_ind_babip_aa; na_ind_w_rc_aa; na_ind_w_raa_aa; na_ind_w_oba_aa; na_ind_w_rc_2_aa; na_ind_w_bs_r_aa; na_ind_gb_percent_aa; na_ind_ld_percent_aa; na_ind_fb_percent_aa; na_ind_iffb_percent_aa; na_ind_hr_fb_aa; na_ind_gb_fb_aa; na_ind_oppo_percent_aa; na_ind_pull_percent_aa; na_ind_cent_percent_aa; na_ind_balls_aa; na_ind_strikes_aa; na_ind_pitches_aa; na_ind_sw_str_percent_aa; na_ind_min_age_aa; na_ind_g_ha; na_ind_ab_ha; na_ind_pa_ha; na_ind_h_ha; na_ind_x1b_ha; na_ind_x2b_ha; na_ind_x3b_ha; na_ind_hr_ha; na_ind_r_ha; na_ind_rbi_ha; na_ind_bb_ha; na_ind_ibb_ha; na_ind_so_ha; na_ind_hbp_ha; na_ind_sf_ha; na_ind_sh_ha; na_ind_gdp_ha; na_ind_sb_ha; na_ind_cs_ha; na_ind_avg_ha; na_ind_bb_percent_ha; na_ind_k_percent_ha; na_ind_bb_k_ha; na_ind_obp_ha; na_ind_slg_ha; na_ind_ops_ha; na_ind_iso_ha; na_ind_spd_ha; na_ind_babip_ha; na_ind_w_rc_ha; na_ind_w_raa_ha; na_ind_w_oba_ha; na_ind_w_rc_2_ha; na_ind_w_bs_r_ha; na_ind_gb_percent_ha; na_ind_ld_percent_ha; na_ind_fb_percent_ha; na_ind_iffb_percent_ha; na_ind_hr_fb_ha; na_ind_gb_fb_ha; na_ind_oppo_percent_ha; na_ind_pull_percent_ha; na_ind_cent_percent_ha; na_ind_balls_ha; na_ind_strikes_ha; na_ind_pitches_ha; na_ind_sw_str_percent_ha; na_ind_min_age_ha; na_ind_g_la; na_ind_ab_la; na_ind_pa_la; na_ind_h_la; na_ind_x1b_la; na_ind_x2b_la; na_ind_x3b_la; na_ind_hr_la; na_ind_r_la; na_ind_rbi_la; na_ind_bb_la; na_ind_ibb_la; na_ind_so_la; na_ind_hbp_la; na_ind_sf_la; na_ind_sh_la; na_ind_gdp_la; na_ind_sb_la; na_ind_cs_la; na_ind_avg_la; na_ind_bb_percent_la; na_ind_k_percent_la; na_ind_bb_k_la; na_ind_obp_la; na_ind_slg_la; na_ind_ops_la; na_ind_iso_la; na_ind_spd_la; na_ind_babip_la; na_ind_w_rc_la; na_ind_w_raa_la; na_ind_w_oba_la; na_ind_w_rc_2_la; na_ind_w_bs_r_la; na_ind_gb_percent_la; na_ind_ld_percent_la; na_ind_fb_percent_la; na_ind_iffb_percent_la; na_ind_hr_fb_la; na_ind_gb_fb_la; na_ind_oppo_percent_la; na_ind_pull_percent_la; na_ind_cent_percent_la; na_ind_balls_la; na_ind_strikes_la; na_ind_pitches_la; na_ind_sw_str_percent_la; na_ind_min_age_la; na_ind_g_r; na_ind_ab_r; na_ind_pa_r; na_ind_h_r; na_ind_x1b_r; na_ind_x2b_r; na_ind_x3b_r; na_ind_hr_r; na_ind_r_r; na_ind_rbi_r; na_ind_bb_r; na_ind_ibb_r; na_ind_so_r; na_ind_hbp_r; na_ind_sf_r; na_ind_sh_r; na_ind_gdp_r; na_ind_sb_r; na_ind_cs_r; na_ind_avg_r; na_ind_bb_percent_r; na_ind_k_percent_r; na_ind_bb_k_r; na_ind_obp_r; na_ind_slg_r; na_ind_ops_r; na_ind_iso_r; na_ind_spd_r; na_ind_babip_r; na_ind_w_rc_r; na_ind_w_raa_r; na_ind_w_oba_r; na_ind_w_rc_2_r; na_ind_w_bs_r_r; na_ind_gb_percent_r; na_ind_ld_percent_r; na_ind_fb_percent_r; na_ind_iffb_percent_r; na_ind_hr_fb_r; na_ind_gb_fb_r; na_ind_oppo_percent_r; na_ind_pull_percent_r; na_ind_cent_percent_r; na_ind_balls_r; na_ind_strikes_r; na_ind_pitches_r; na_ind_sw_str_percent_r; na_ind_min_age_r; na_ind_upper_minors_wrc; na_ind_upper_minors_ops; na_ind_upper_minors_bb_k; na_ind_upper_minors_bb; na_ind_upper_minors_k; na_ind_upper_minors_swstr; na_ind_upper_minors_babip; na_ind_upper_minors_iso; na_ind_upper_minors_hr_fb; na_ind_upper_minors_fb; na_ind_upper_minors_power_shape; na_ind_upper_minors_bb_minus_k; na_ind_upper_minors_age; na_ind_upper_minors_wrc_per_age; na_ind_upper_minors_ops_per_age; na_ind_upper_minors_bb_per_age; na_ind_upper_minors_k_per_age; na_ind_upper_minors_swstr_per_age; na_ind_upper_minors_babip_per_age; na_ind_upper_minors_iso_per_age; na_ind_upper_minors_hr_fb_per_age; na_ind_upper_minors_fb_per_age; na_ind_upper_minors_power_shape_per_age; na_ind_upper_minors_bb_minus_k_per_age; na_ind_aa_aaa_hr_fb_delta; na_ind_aa_aaa_fb_delta; na_ind_aa_aaa_power_shape_delta; na_ind_aa_aaa_bb_minus_k_delta; na_ind_aa_aaa_wrc_per_age_delta; na_ind_aa_aaa_ops_per_age_delta; na_ind_aa_aaa_wrc_delta; na_ind_aa_aaa_iso_delta; na_ind_aa_aaa_bb_delta; na_ind_aa_aaa_k_delta; na_ind_aa_aaa_age_delta; na_ind_aa_aaa_pa_delta; na_ind_aa_aaa_ops_delta; na_ind_log_iso_aa; na_ind_log_iso_aaa; na_ind_log_hr_aa; na_ind_log_hr_aaa; na_ind_log_fb_aa; na_ind_log_fb_aaa; na_ind_la_ha_iso_delta; na_ind_la_ha_hr_fb_delta; na_ind_la_ha_fb_delta; na_ind_la_ha_power_shape_delta; na_ind_la_ha_bb_minus_k_delta; na_ind_la_ha_wrc_delta; na_ind_la_ha_ops_delta; na_ind_la_ha_wrc_per_age_delta; na_ind_r_la_iso_delta; na_ind_r_la_hr_fb_delta; na_ind_r_la_fb_delta; na_ind_r_la_power_shape_delta; na_ind_r_la_bb_minus_k_delta; na_ind_r_la_wrc_delta; na_ind_r_la_ops_delta; na_ind_r_la_wrc_per_age_delta; na_ind_ha_aa_iso_delta; na_ind_ha_aa_hr_fb_delta; na_ind_ha_aa_fb_delta; na_ind_ha_aa_power_shape_delta; na_ind_ha_aa_bb_minus_k_delta; na_ind_ha_aa_wrc_delta; na_ind_ha_aa_ops_delta; na_ind_ha_aa_wrc_per_age_delta; na_ind_upper_power_spectrum; na_ind_upper_control_spectrum; na_ind_upper_wrc_premium; na_ind_upper_power_corner; success
59,use SMOTE with 3 neighbors for full progression and upper defensive feature set,0.834896,2026-05-10T00:00:00Z,g_aaa; ab_aaa; pa_aaa; h_aaa; x1b_aaa; x2b_aaa; x3b_aaa; hr_aaa; r_aaa; rbi_aaa; bb_aaa; ibb_aaa; so_aaa; hbp_aaa; sf_aaa; sh_aaa; gdp_aaa; sb_aaa; cs_aaa; avg_aaa; bb_percent_aaa; k_percent_aaa; bb_k_aaa; obp_aaa; slg_aaa; ops_aaa; iso_aaa; spd_aaa; babip_aaa; w_rc_aaa; w_raa_aaa; w_oba_aaa; w_rc_2_aaa; w_bs_r_aaa; gb_percent_aaa; ld_percent_aaa; fb_percent_aaa; iffb_percent_aaa; hr_fb_aaa; gb_fb_aaa; oppo_percent_aaa; pull_percent_aaa; cent_percent_aaa; balls_aaa; strikes_aaa; pitches_aaa; sw_str_percent_aaa; min_age_aaa; g_aa; ab_aa; pa_aa; h_aa; x1b_aa; x2b_aa; x3b_aa; hr_aa; r_aa; rbi_aa; bb_aa; ibb_aa; so_aa; hbp_aa; sf_aa; sh_aa; gdp_aa; sb_aa; cs_aa; avg_aa; bb_percent_aa; k_percent_aa; bb_k_aa; obp_aa; slg_aa; ops_aa; iso_aa; spd_aa; babip_aa; w_rc_aa; w_raa_aa; w_oba_aa; w_rc_2_aa; w_bs_r_aa; gb_percent_aa; ld_percent_aa; fb_percent_aa; iffb_percent_aa; hr_fb_aa; gb_fb_aa; oppo_percent_aa; pull_percent_aa; cent_percent_aa; balls_aa; strikes_aa; pitches_aa; sw_str_percent_aa; min_age_aa; g_ha; ab_ha; pa_ha; h_ha; x1b_ha; x2b_ha; x3b_ha; hr_ha; r_ha; rbi_ha; bb_ha; ibb_ha; so_ha; hbp_ha; sf_ha; sh_ha; gdp_ha; sb_ha; cs_ha; avg_ha; bb_percent_ha; k_percent_ha; bb_k_ha; obp_ha; slg_ha; ops_ha; iso_ha; spd_ha; babip_ha; w_rc_ha; w_raa_ha; w_oba_ha; w_rc_2_ha; w_bs_r_ha; gb_percent_ha; ld_percent_ha; fb_percent_ha; iffb_percent_ha; hr_fb_ha; gb_fb_ha; oppo_percent_ha; pull_percent_ha; cent_percent_ha; balls_ha; strikes_ha; pitches_ha; sw_str_percent_ha; min_age_ha; g_la; ab_la; pa_la; h_la; x1b_la; x2b_la; x3b_la; hr_la; r_la; rbi_la; bb_la; ibb_la; so_la; hbp_la; sf_la; sh_la; gdp_la; sb_la; cs_la; avg_la; bb_percent_la; k_percent_la; bb_k_la; obp_la; slg_la; ops_la; iso_la; spd_la; babip_la; w_rc_la; w_raa_la; w_oba_la; w_rc_2_la; w_bs_r_la; gb_percent_la; ld_percent_la; fb_percent_la; iffb_percent_la; hr_fb_la; gb_fb_la; oppo_percent_la; pull_percent_la; cent_percent_la; balls_la; strikes_la; pitches_la; sw_str_percent_la; min_age_la; g_r; ab_r; pa_r; h_r; x1b_r; x2b_r; x3b_r; hr_r; r_r; rbi_r; bb_r; ibb_r; so_r; hbp_r; sf_r; sh_r; gdp_r; sb_r; cs_r; avg_r; bb_percent_r; k_percent_r; bb_k_r; obp_r; slg_r; ops_r; iso_r; spd_r; babip_r; w_rc_r; w_raa_r; w_oba_r; w_rc_2_r; w_bs_r_r; gb_percent_r; ld_percent_r; fb_percent_r; iffb_percent_r; hr_fb_r; gb_fb_r; oppo_percent_r; pull_percent_r; cent_percent_r; balls_r; strikes_r; pitches_r; sw_str_percent_r; min_age_r; upper_minors_wrc; upper_minors_ops; upper_minors_bb_k; upper_minors_bb; upper_minors_k; upper_minors_swstr; upper_minors_babip; upper_minors_iso; upper_minors_hr_fb; upper_minors_fb; upper_minors_power_shape; upper_minors_bb_minus_k; upper_minors_age; upper_minors_wrc_per_age; upper_minors_ops_per_age; upper_minors_bb_per_age; upper_minors_k_per_age; upper_minors_swstr_per_age; upper_minors_babip_per_age; upper_minors_iso_per_age; upper_minors_hr_fb_per_age; upper_minors_fb_per_age; upper_minors_power_shape_per_age; upper_minors_bb_minus_k_per_age; aa_aaa_hr_fb_delta; aa_aaa_fb_delta; aa_aaa_power_shape_delta; aa_aaa_bb_minus_k_delta; aa_aaa_wrc_per_age_delta; aa_aaa_ops_per_age_delta; aa_aaa_wrc_delta; aa_aaa_iso_delta; aa_aaa_bb_delta; aa_aaa_k_delta; aa_aaa_age_delta; aa_aaa_pa_delta; aa_aaa_ops_delta; log_iso_aa; log_iso_aaa; log_hr_aa; log_hr_aaa; log_fb_aa; log_fb_aaa; la_ha_iso_delta; la_ha_hr_fb_delta; la_ha_fb_delta; la_ha_power_shape_delta; la_ha_bb_minus_k_delta; la_ha_wrc_delta; la_ha_ops_delta; la_ha_wrc_per_age_delta; r_la_iso_delta; r_la_hr_fb_delta; r_la_fb_delta; r_la_power_shape_delta; r_la_bb_minus_k_delta; r_la_wrc_delta; r_la_ops_delta; r_la_wrc_per_age_delta; ha_aa_iso_delta; ha_aa_hr_fb_delta; ha_aa_fb_delta; ha_aa_power_shape_delta; ha_aa_bb_minus_k_delta; ha_aa_wrc_delta; ha_aa_ops_delta; ha_aa_wrc_per_age_delta; upper_def_inn; upper_premium_inn; upper_corner_inn; upper_infield_inn; upper_outfield_inn; upper_premium_share; upper_corner_share; upper_infield_share; upper_outfield_share; upper_spectrum_score; upper_chances; upper_range_factor_9; upper_power_spectrum; upper_control_spectrum; upper_wrc_premium; upper_power_corner; na_ind_g_aaa; na_ind_ab_aaa; na_ind_pa_aaa; na_ind_h_aaa; na_ind_x1b_aaa; na_ind_x2b_aaa; na_ind_x3b_aaa; na_ind_hr_aaa; na_ind_r_aaa; na_ind_rbi_aaa; na_ind_bb_aaa; na_ind_ibb_aaa; na_ind_so_aaa; na_ind_hbp_aaa; na_ind_sf_aaa; na_ind_sh_aaa; na_ind_gdp_aaa; na_ind_sb_aaa; na_ind_cs_aaa; na_ind_avg_aaa; na_ind_bb_percent_aaa; na_ind_k_percent_aaa; na_ind_bb_k_aaa; na_ind_obp_aaa; na_ind_slg_aaa; na_ind_ops_aaa; na_ind_iso_aaa; na_ind_spd_aaa; na_ind_babip_aaa; na_ind_w_rc_aaa; na_ind_w_raa_aaa; na_ind_w_oba_aaa; na_ind_w_rc_2_aaa; na_ind_w_bs_r_aaa; na_ind_gb_percent_aaa; na_ind_ld_percent_aaa; na_ind_fb_percent_aaa; na_ind_iffb_percent_aaa; na_ind_hr_fb_aaa; na_ind_gb_fb_aaa; na_ind_oppo_percent_aaa; na_ind_pull_percent_aaa; na_ind_cent_percent_aaa; na_ind_balls_aaa; na_ind_strikes_aaa; na_ind_pitches_aaa; na_ind_sw_str_percent_aaa; na_ind_min_age_aaa; na_ind_g_aa; na_ind_ab_aa; na_ind_pa_aa; na_ind_h_aa; na_ind_x1b_aa; na_ind_x2b_aa; na_ind_x3b_aa; na_ind_hr_aa; na_ind_r_aa; na_ind_rbi_aa; na_ind_bb_aa; na_ind_ibb_aa; na_ind_so_aa; na_ind_hbp_aa; na_ind_sf_aa; na_ind_sh_aa; na_ind_gdp_aa; na_ind_sb_aa; na_ind_cs_aa; na_ind_avg_aa; na_ind_bb_percent_aa; na_ind_k_percent_aa; na_ind_bb_k_aa; na_ind_obp_aa; na_ind_slg_aa; na_ind_ops_aa; na_ind_iso_aa; na_ind_spd_aa; na_ind_babip_aa; na_ind_w_rc_aa; na_ind_w_raa_aa; na_ind_w_oba_aa; na_ind_w_rc_2_aa; na_ind_w_bs_r_aa; na_ind_gb_percent_aa; na_ind_ld_percent_aa; na_ind_fb_percent_aa; na_ind_iffb_percent_aa; na_ind_hr_fb_aa; na_ind_gb_fb_aa; na_ind_oppo_percent_aa; na_ind_pull_percent_aa; na_ind_cent_percent_aa; na_ind_balls_aa; na_ind_strikes_aa; na_ind_pitches_aa; na_ind_sw_str_percent_aa; na_ind_min_age_aa; na_ind_g_ha; na_ind_ab_ha; na_ind_pa_ha; na_ind_h_ha; na_ind_x1b_ha; na_ind_x2b_ha; na_ind_x3b_ha; na_ind_hr_ha; na_ind_r_ha; na_ind_rbi_ha; na_ind_bb_ha; na_ind_ibb_ha; na_ind_so_ha; na_ind_hbp_ha; na_ind_sf_ha; na_ind_sh_ha; na_ind_gdp_ha; na_ind_sb_ha; na_ind_cs_ha; na_ind_avg_ha; na_ind_bb_percent_ha; na_ind_k_percent_ha; na_ind_bb_k_ha; na_ind_obp_ha; na_ind_slg_ha; na_ind_ops_ha; na_ind_iso_ha; na_ind_spd_ha; na_ind_babip_ha; na_ind_w_rc_ha; na_ind_w_raa_ha; na_ind_w_oba_ha; na_ind_w_rc_2_ha; na_ind_w_bs_r_ha; na_ind_gb_percent_ha; na_ind_ld_percent_ha; na_ind_fb_percent_ha; na_ind_iffb_percent_ha; na_ind_hr_fb_ha; na_ind_gb_fb_ha; na_ind_oppo_percent_ha; na_ind_pull_percent_ha; na_ind_cent_percent_ha; na_ind_balls_ha; na_ind_strikes_ha; na_ind_pitches_ha; na_ind_sw_str_percent_ha; na_ind_min_age_ha; na_ind_g_la; na_ind_ab_la; na_ind_pa_la; na_ind_h_la; na_ind_x1b_la; na_ind_x2b_la; na_ind_x3b_la; na_ind_hr_la; na_ind_r_la; na_ind_rbi_la; na_ind_bb_la; na_ind_ibb_la; na_ind_so_la; na_ind_hbp_la; na_ind_sf_la; na_ind_sh_la; na_ind_gdp_la; na_ind_sb_la; na_ind_cs_la; na_ind_avg_la; na_ind_bb_percent_la; na_ind_k_percent_la; na_ind_bb_k_la; na_ind_obp_la; na_ind_slg_la; na_ind_ops_la; na_ind_iso_la; na_ind_spd_la; na_ind_babip_la; na_ind_w_rc_la; na_ind_w_raa_la; na_ind_w_oba_la; na_ind_w_rc_2_la; na_ind_w_bs_r_la; na_ind_gb_percent_la; na_ind_ld_percent_la; na_ind_fb_percent_la; na_ind_iffb_percent_la; na_ind_hr_fb_la; na_ind_gb_fb_la; na_ind_oppo_percent_la; na_ind_pull_percent_la; na_ind_cent_percent_la; na_ind_balls_la; na_ind_strikes_la; na_ind_pitches_la; na_ind_sw_str_percent_la; na_ind_min_age_la; na_ind_g_r; na_ind_ab_r; na_ind_pa_r; na_ind_h_r; na_ind_x1b_r; na_ind_x2b_r; na_ind_x3b_r; na_ind_hr_r; na_ind_r_r; na_ind_rbi_r; na_ind_bb_r; na_ind_ibb_r; na_ind_so_r; na_ind_hbp_r; na_ind_sf_r; na_ind_sh_r; na_ind_gdp_r; na_ind_sb_r; na_ind_cs_r; na_ind_avg_r; na_ind_bb_percent_r; na_ind_k_percent_r; na_ind_bb_k_r; na_ind_obp_r; na_ind_slg_r; na_ind_ops_r; na_ind_iso_r; na_ind_spd_r; na_ind_babip_r; na_ind_w_rc_r; na_ind_w_raa_r; na_ind_w_oba_r; na_ind_w_rc_2_r; na_ind_w_bs_r_r; na_ind_gb_percent_r; na_ind_ld_percent_r; na_ind_fb_percent_r; na_ind_iffb_percent_r; na_ind_hr_fb_r; na_ind_gb_fb_r; na_ind_oppo_percent_r; na_ind_pull_percent_r; na_ind_cent_percent_r; na_ind_balls_r; na_ind_strikes_r; na_ind_pitches_r; na_ind_sw_str_percent_r; na_ind_min_age_r; na_ind_upper_minors_wrc; na_ind_upper_minors_ops; na_ind_upper_minors_bb_k; na_ind_upper_minors_bb; na_ind_upper_minors_k; na_ind_upper_minors_swstr; na_ind_upper_minors_babip; na_ind_upper_minors_iso; na_ind_upper_minors_hr_fb; na_ind_upper_minors_fb; na_ind_upper_minors_power_shape; na_ind_upper_minors_bb_minus_k; na_ind_upper_minors_age; na_ind_upper_minors_wrc_per_age; na_ind_upper_minors_ops_per_age; na_ind_upper_minors_bb_per_age; na_ind_upper_minors_k_per_age; na_ind_upper_minors_swstr_per_age; na_ind_upper_minors_babip_per_age; na_ind_upper_minors_iso_per_age; na_ind_upper_minors_hr_fb_per_age; na_ind_upper_minors_fb_per_age; na_ind_upper_minors_power_shape_per_age; na_ind_upper_minors_bb_minus_k_per_age; na_ind_aa_aaa_hr_fb_delta; na_ind_aa_aaa_fb_delta; na_ind_aa_aaa_power_shape_delta; na_ind_aa_aaa_bb_minus_k_delta; na_ind_aa_aaa_wrc_per_age_delta; na_ind_aa_aaa_ops_per_age_delta; na_ind_aa_aaa_wrc_delta; na_ind_aa_aaa_iso_delta; na_ind_aa_aaa_bb_delta; na_ind_aa_aaa_k_delta; na_ind_aa_aaa_age_delta; na_ind_aa_aaa_pa_delta; na_ind_aa_aaa_ops_delta; na_ind_log_iso_aa; na_ind_log_iso_aaa; na_ind_log_hr_aa; na_ind_log_hr_aaa; na_ind_log_fb_aa; na_ind_log_fb_aaa; na_ind_la_ha_iso_delta; na_ind_la_ha_hr_fb_delta; na_ind_la_ha_fb_delta; na_ind_la_ha_power_shape_delta; na_ind_la_ha_bb_minus_k_delta; na_ind_la_ha_wrc_delta; na_ind_la_ha_ops_delta; na_ind_la_ha_wrc_per_age_delta; na_ind_r_la_iso_delta; na_ind_r_la_hr_fb_delta; na_ind_r_la_fb_delta; na_ind_r_la_power_shape_delta; na_ind_r_la_bb_minus_k_delta; na_ind_r_la_wrc_delta; na_ind_r_la_ops_delta; na_ind_r_la_wrc_per_age_delta; na_ind_ha_aa_iso_delta; na_ind_ha_aa_hr_fb_delta; na_ind_ha_aa_fb_delta; na_ind_ha_aa_power_shape_delta; na_ind_ha_aa_bb_minus_k_delta; na_ind_ha_aa_wrc_delta; na_ind_ha_aa_ops_delta; na_ind_ha_aa_wrc_per_age_delta; na_ind_upper_power_spectrum; na_ind_upper_control_spectrum; na_ind_upper_wrc_premium; na_ind_upper_power_corner; success
